"","locationName","lat","long"
"1","honolulu hawaii ",21.3069444,-157.8583333
"2","Australia",-25.274398,133.775136
"3","Statesboro",32.4487876,-81.7831674
"4","New Hampshire",43.1938516,-71.5723953
"5","the rice fields",17.4495916,102.6898313
"6","Indonesia",-0.789275,113.921327
"7","barranquilla ",11.0041072,-74.8069813
"8","United States",37.09024,-95.712891
"9","Tokyo, Japan",35.6894875,139.6917064
"10","new york city",40.7127837,-74.0059413
"11","H-town",33.0205401,-96.7028312
"12","Caracas Venezuela",10.4805937,-66.9036063
"13","Michigan",44.3148443,-85.6023643
"14","Kentucky, USA",37.8393332,-84.2700179
"15","St Louis, MO",38.6270025,-90.1994042
"16","above the clouds",41.430586,-74.397781
"17","San Francisco Bay Area",37.8271784,-122.2913078
"18","Macon, GA",32.8406946,-83.6324022
"19","NIC ",47.67648,-116.796398
"20","Cameron, TX",30.8532454,-96.9769304
"21","Barra Mansa, RJ",-22.5408519,-44.1772604
"22","Nuevo Toledo, México. ",32.6142817,-115.4726125
"23","South Central Los Angeles ",33.9891116,-118.2914872
"24","anyareas",-34.0516761,150.830568
"25","Colorado",39.5500507,-105.7820674
"26","San Jose, CA",37.3382082,-121.8863286
"27","Oblivion",28.5541125,-81.3223844
"28","Saugerties, NY",42.0775906,-73.9529126
"29","denver  colorado",39.7392358,-104.990251
"30","BLM",43.487633,-123.486364
"31","Tampa, FL",27.950575,-82.4571776
"32","Dubai, United Arab Emirates",25.2048493,55.2707828
"33","Texas, USA",31.9685988,-99.9018131
"34","Winter Park, Florida ",28.5999998,-81.3392352
"35","Fort Worth Texas",32.7554883,-97.3307658
"36","San Francisco, CA",37.7749295,-122.4194155
"37","USA",37.09024,-95.712891
"38","Centro, Montevideo, Uruguay.",-34.9045171,-56.1951619
"39","Salt Lake City, UT",40.7607793,-111.8910474
"40","Tulsa, OK",36.1539816,-95.992775
"41","Seattle",47.6062095,-122.3320708
"42","Somewhere in Texas",29.3954999,-94.8982955
"43","Austin, TX",30.267153,-97.7430608
"44","Online!",52.6930156,4.8091029
"45","New Mexico",34.5199402,-105.8700901
"46","Ozark, MO",37.0208865,-93.2060163
"47","Boston",42.3600825,-71.0588801
"48","San Jose State University ",37.3351874,-121.8810715
"49","Asuncion, Paraguay",-25.2637399,-57.575926
"50","West Michigan",44.3148443,-85.6023643
"51","Connecticut",41.6032207,-73.087749
"52","Jeddah",21.2854067,39.2375507
"53","MIchigan/Chicago, IL",41.8426866,-87.6233252
"54","1000 Vin Scully Ave",34.073873,-118.2407774
"55","Worcester, MA",42.2625932,-71.8022934
"56","Hudson, FL",28.3644485,-82.6934343
"57","The Bricks ",27.9601884,-82.4443349
"58","Oakland, CA",37.8043637,-122.2711137
"59","Scotland ",56.4906712,-4.2026458
"60","Liverpool",53.4083714,-2.9915726
"61","Wyoming",43.0759678,-107.2902839
"62","Dallas Texas",32.7766642,-96.7969879
"63","Islamabad",33.7293882,73.0931461
"64","united states of neverland",39.4754752,-75.6322646
"65","Chicago",41.8781136,-87.6297982
"66","Rio de Janeiro, Brasil",-22.9068467,-43.1728965
"67"," TEXA$",31.9685988,-99.9018131
"68","Bangkok",13.7563309,100.5017651
"69","medford wisconsin",45.1385798,-90.3401404
"70","Los Angeles, CA",34.0522342,-118.2436849
"71","Texas, USA",31.9685988,-99.9018131
"72","Annandale, VA",38.8303905,-77.1963703
"73","counting the stars",13.761731,100.498823
"74","LU Nursing '19 ",34.0611917,-118.2406445
"75","Right Here",40.7605434,-73.827133
"76","New York",40.7127837,-74.0059413
"77","Nacogdoches, Tx",31.6035129,-94.6554874
"78","northeast",65.4713712,-17.0280279
"79","Piscataway, NJ",40.554887,-74.4642861
"80","Camarillo, CA",34.2163937,-119.0376023
"81","Dublin City, Ireland",53.3498053,-6.2603097
"82","Minneapolis, MN",44.977753,-93.2650108
"83","boston",42.3600825,-71.0588801
"84","DKI Jakarta, Indonesia",-6.1744651,106.822745
"85","Charlotte.",35.2270869,-80.8431267
"86","New York",40.7127837,-74.0059413
"87","Kuala Lumpur",3.139003,101.686855
"88","South Carolina, USA",33.836081,-81.1637245
"89","Sydney, Australia",-33.8688197,151.2092955
"90","Worldwide",43.8169837,-79.532157
"91","Houston, TX",29.7604267,-95.3698028
"92","Georgia, USA",32.1656221,-82.9000751
"93","México",23.634501,-102.552784
"94","London, United Kingdom",51.5073509,-0.1277583
"95","Centreville, VA",38.8403909,-77.4288769
"96","BRK",40.4226279,-86.9245834
"97","South Lake Tahoe, CA",38.939926,-119.9771868
"98","Baltimore, MD",39.2903848,-76.6121893
"99","Houston, TX",29.7604267,-95.3698028
"100","Vallejo, CA",38.1040864,-122.2566367
"101","World",32.940444,-97.1060202
"102","Boston, MA (USA) ",42.3600825,-71.0588801
"103","Los Angeles, CA",34.0522342,-118.2436849
"104","Barquisimeto, Lara",10.0677719,-69.3473509
"105","USA",37.09024,-95.712891
"106","Australia",-25.274398,133.775136
"107","The 864 ",38.1606607,-85.6766897
"108","The Netherlands",52.132633,5.291266
"109","Michigan",44.3148443,-85.6023643
"110","Plymouth, MA",41.9584457,-70.6672621
"111","Capital Region, Denmark",55.6751812,12.5493261
"112","Massachusetts",42.4072107,-71.3824374
"113","Santo André, Brasil",-23.6742228,-46.5436003
"114","Toronto ",43.653226,-79.3831843
"115","Tokyo",35.6894875,139.6917064
"116","Charlotte, NC",35.2270869,-80.8431267
"117","Morelia, Michoacán",19.7059504,-101.1949825
"118","Los Angeles, CA",34.0522342,-118.2436849
"119","NYC",40.7127837,-74.0059413
"120","Nebraska, USA",41.4925374,-99.9018131
"121","Denver, CO",39.7392358,-104.990251
"122","Florida",27.6648274,-81.5157535
"123","Atlanta GA",33.7489954,-84.3879824
"124","603",30.4692015,-89.4311847
"125","Philadelphia, PA",39.9525839,-75.1652215
"126","Zavalla, Tx",31.1585242,-94.4263124
"127","New Hampshire",43.1938516,-71.5723953
"128","Rocklin, CA",38.7907339,-121.2357828
"129","San Diego",32.715738,-117.1610838
"130","Tultitlán, México",19.6382457,-99.1622211
"131","Missouri, USA",37.9642529,-91.8318334
"132","Youngstown ny",43.2472768,-79.0500466
"133","Princeton, NJ",40.3572976,-74.6672226
"134","Melbourne, Victoria, Australia",-37.813611,144.963056
"135","Canada",56.130366,-106.346771
"136","Foxborough, MA",42.0653812,-71.2478251
"137","California, USA",36.778261,-119.4179324
"138","Melbourne, Australia",-37.813611,144.963056
"139","Batavia, IL",41.8500284,-88.3125738
"140","United States",37.09024,-95.712891
"141","Cbhs",35.132071,-89.864854
"142","San Antonio, TX",29.4241219,-98.4936282
"143","Shoe store, Texas ",30.3312641,-97.7398454
"144","Boston, MA",42.3600825,-71.0588801
"145","Detroit, MI",42.331427,-83.0457538
"146","Oxnard, CA",34.1975048,-119.1770516
"147","Illinois, USA",40.6331249,-89.3985283
"148","Danville.CA",37.8215929,-121.9999606
"149","Argentina",-38.416097,-63.616672
"150","south to west texas ",31.3839017,-100.439656
"151","Carolina",18.3807819,-65.9573872
"152","Boston",42.3600825,-71.0588801
"153","Cape Breton, Nova Scotia",46.2486851,-60.851817
"154","Colombia",4.570868,-74.297333
"155","BADLANDS",43.8553804,-102.3396912
"156","Guatemala",15.783471,-90.230759
"157","Kuala Lumpur, Malaysia",3.139003,101.686855
"158","Atlanta, GA",33.7489954,-84.3879824
"159","College Park, MD",38.9896967,-76.93776
"160","Edgewood, OH",41.8779691,-80.7491563
"161","Kentucky, USA",37.8393332,-84.2700179
"162","Eating",40.777365,-73.9616659
"163","oregon",43.8041334,-120.5542012
"164","Upland, IN",40.4755974,-85.4944168
"165","Texas, USA",31.9685988,-99.9018131
"166","Texas, USA",31.9685988,-99.9018131
"167","Dunder Mifflin Scranton",41.4187924,-75.6560278
"168","New Hampshire, USA",43.1938516,-71.5723953
"169","Ohio",40.4172871,-82.907123
"170","Massachusetts, USA",42.4072107,-71.3824374
"171","Houston, Tx",29.7604267,-95.3698028
"172","Chile",-35.675147,-71.542969
"173","Cincinnati, OH",39.1031182,-84.5120196
"174","Maryland",39.0457549,-76.6412712
"175","Melwood",38.8120491,-76.848868
"176","161st Street and River Avenue ",40.8278208,-73.9259438
"177","CC1",42.4135212,-76.5009253
"178","Twin Cities, MN",44.9374831,-93.2009998
"179","Midland, TX",31.9973456,-102.0779146
"180","Los Angeles, CA",34.0522342,-118.2436849
"181","Tennessee, USA",35.5174913,-86.5804473
"182","southside of atlanta",33.7123595,-84.3844304
"183","Rowland Heights, CA",33.9761238,-117.9053395
"184","California",36.778261,-119.4179324
"185","Palm Desert, CA",33.7222445,-116.3744556
"186","The Wire",41.259388,-95.941725
"187","Bordeaux",44.837789,-0.57918
"188","Los Angeles, CA",34.0522342,-118.2436849
"189","Charleston, SC",32.7764749,-79.9310512
"190","Benton Harbor, MI",42.1167065,-86.4541894
"191","Huntington Beach, CA",33.660297,-117.9992265
"192","MI",44.3148443,-85.6023643
"193","Colorado Springs, CO",38.8338816,-104.8213634
"194","Bahía Blanca, Argentina",-38.7183177,-62.2663478
"195","Norway",60.472024,8.468946
"196","Plano, TX",33.0198431,-96.6988856
"197","Gainesville, FL",29.6516344,-82.3248262
"198","Oklahoma State University",36.1270236,-97.0737222
"199","Chicago",41.8781136,-87.6297982
"200","AHS | SPN",35.6494514,-97.4413392
"201","Terra-Belle, GA",34.1674228,-85.2528472
"202","LaSalle, Ontario",42.2355411,-83.1024769
"203","Florida, USA",27.6648274,-81.5157535
"204","Boston, Ma",42.3600825,-71.0588801
"205","Arizona",34.0489281,-111.0937311
"206","Mumbai, India",19.0759837,72.8776559
"207","Arlington, VA",38.8799697,-77.1067698
"208","Pto. Montt - Chile ",-41.468917,-72.9411364
"209","Clutch City, TX",29.7450393,-95.3563918
"210","New Milford, CT",41.5770433,-73.4085463
"211","Brighton, MA",42.3463503,-71.1626756
"212","Bangalore India",12.9715987,77.5945627
"213","San Antonio,TX",29.4241219,-98.4936282
"214","New York",40.7127837,-74.0059413
"215","Rome, Lazio",41.9027835,12.4963655
"216","Seattle, USA",47.6062095,-122.3320708
"217","United States",37.09024,-95.712891
"218","AMDA || NY",40.7721673,-73.9875806
"219","ata",28.452402,-82.594951
"220","San Antonio, Texas",29.4241219,-98.4936282
"221","Decatur, GA",33.7748275,-84.2963123
"222","Facebook:",37.4845809,-122.1479209
"223","Atlanta, GA",33.7489954,-84.3879824
"224","Kansas",39.011902,-98.4842465
"225","New Orleans",29.9510658,-90.0715323
"226","New Orleans, LA",29.9510658,-90.0715323
"227","Minneapolis",44.977753,-93.2650108
"228","República de La Boca",-34.6388637,-58.3623092
"229","Kampala,Uganda",0.3475964,32.5825197
"230","São Carlos, SP",-22.0087086,-47.8909142
"231","New Orleans",29.9510658,-90.0715323
"232","Illinois",40.6331249,-89.3985283
"233","Georgia",32.1656221,-82.9000751
"234","Costa Mesa, CA",33.6411316,-117.9186689
"235","Tamworth",-31.092748,150.9320334
"236","HTX",40.8212188,-73.2519376
"237","United Kingdom",55.378051,-3.435973
"238","Landover rd",38.924397,-76.870644
"239","D.C.",38.9071923,-77.0368707
"240","Tokyo",35.6894875,139.6917064
"241","Greensboro/Winston-Salem NC",36.109703,-80.1940463
"242","Clinton, MD",38.7651145,-76.8983059
"243","United States",37.09024,-95.712891
"244","BeiJing",39.904211,116.407395
"245","NH & greater Boston",43.1938516,-71.5723953
"246","peru",-9.189967,-75.015152
"247","334 <U+2708><U+FE0F> 404",36.790498,-89.2833094
"248","Houston, TX",29.7604267,-95.3698028
"249","Tennessee, 'Merica",35.5174913,-86.5804473
"250","Fall River, MA",41.7014912,-71.1550451
"251","Lubbock, TX",33.5778631,-101.8551665
"252","Atlanta",33.7489954,-84.3879824
"253","Mumbai, India",19.0759837,72.8776559
"254","Kingman, KS",37.6458491,-98.1136734
"255","Chile",-35.675147,-71.542969
"256","NY",40.7127837,-74.0059413
"257","Bommerce, tx",33.2470567,-95.8999656
"258","Atlanta, GA",33.7489954,-84.3879824
"259","215 ",36.023617,-115.0962998
"260","Manaus, Amazonas",-3.1190275,-60.0217314
"261","Las Vegas, NV",36.1699412,-115.1398296
"262","a safe place",42.4661029,-87.8502457
"263","Buenos Aires - Argentina ",-34.6036844,-58.3815591
"264","San Marcos, TX",29.8832749,-97.9413941
"265","Stockton, CA",37.9577016,-121.2907796
"266","los angeles,ca",34.0522342,-118.2436849
"267","Kendall West, FL",25.7089512,-80.4380722
"268","Atlanta, GA",33.7489954,-84.3879824
"269","Ryerson University",43.6576585,-79.3788017
"270","Los Angeles",34.0522342,-118.2436849
"271","New York, USA",40.7127837,-74.0059413
"272","The Big Easy; Hollywood South",29.9244148,-90.0937226
"273","United States",37.09024,-95.712891
"274","lab",46.216508,-119.2182003
"275","Boston ",42.3600825,-71.0588801
"276","Ny",40.7127837,-74.0059413
"277","Somewhere",34.3614336,-86.3442107
"278","the crib",59.3406474,18.0584043
"279","Tuscaloosa, AL",33.2098407,-87.5691735
"280","San Francisco, CA",37.7749295,-122.4194155
"281","Franklin, PA",41.3978358,-79.8314437
"282","Indiana",40.2671941,-86.1349019
"283","Houston, TX",29.7604267,-95.3698028
"284","constant motion",32.8385274,-117.1348354
"285","ÜT: 18.5367094,-69.9033792",37.3387742,-113.6932229
"286","LOVE AND ART",29.72345,-95.6041886
"287","Buenos Aires , Argentina ",-34.6036844,-58.3815591
"288","Canton, MA",42.1584324,-71.1447732
"289","Southern Michigan",43.9974606,-85.859654
"290","760-562",37.4873042,126.7155946
"291","Chile",-35.675147,-71.542969
"292","Sydney, New South Wales",-33.8688197,151.2092955
"293","Bilbao",43.2630126,-2.9349852
"294","Sheboygan, WI",43.7508284,-87.71453
"295","Splashtown, TX",30.0700573,-95.4325287
"296","United States of *un-America*",40.7506666,-73.9689023
"297","Sarasota, Florida",27.3364347,-82.5306527
"298","Melbourne & Manila",-37.813611,144.963056
"299","Bengaluru South, India",12.9715987,77.5945627
"300","Ijebu-Ode,Ogun State, Nigeria.",6.8299846,3.9164585
"301","Madrid",40.4167754,-3.7037902
"302","Charlotte, NC",35.2270869,-80.8431267
"303","West Philly <U+2708><U+FE0F> Atlanta ",39.8743959,-75.2424229
"304","40,000 FEET",40.5381788,-105.102121
"305","Foxborough, MA",42.0653812,-71.2478251
"306","San Antonio, TX",29.4241219,-98.4936282
"307","New York, USA",40.7127837,-74.0059413
"308","Michigan, USA",44.3148443,-85.6023643
"309","sc: LouieCare",34.4782014,-81.9362738
"310","neverland",-28.6104322,153.1932534
"311","905",32.566074,-117.0096078
"312","South Bend, IN",41.6763545,-86.2519898
"313","North Westport, MA",41.6603806,-71.0883762
"314","Austin, TX",30.267153,-97.7430608
"315","Sarasota, FL",27.3364347,-82.5306527
"316","somewhere",34.3614336,-86.3442107
"317","Brooklyn, NY",40.6781784,-73.9441579
"318","Pomona, CA",34.055103,-117.7499909
"319","little rock Arkansas ",34.7464809,-92.2895948
"320","Alabama, USA",32.3182314,-86.902298
"321","Ohio, USA",40.4172871,-82.907123
"322","subterrania",21.0161379,-101.2530544
"323","Reality",37.7636866,-122.4290335
"324","San Marcos, TX",29.8832749,-97.9413941
"325","California, USA",36.778261,-119.4179324
"326","Oregon, USA",43.8041334,-120.5542012
"327","yyc",51.1250608,-114.0168895
"328","into the blue",30.1482581,-85.761074
"329","utah",39.3209801,-111.0937311
"330","Tinley Park, IL",41.5731442,-87.7932939
"331","Pennsylvannia",41.2033216,-77.1945247
"332","France",46.227638,2.213749
"333"," Vancouver , BC, Canada ",49.2827291,-123.1207375
"334","Toronto",43.653226,-79.3831843
"335","Wadsworth, OH",41.0256101,-81.7298519
"336","Portland, ME",43.661471,-70.2553259
"337","Billerica, MA",42.5584218,-71.2689461
"338","Chi-town Englewood ",41.775305,-87.6416419
"339","Houston, TX",29.7604267,-95.3698028
"340","Washington, DC",38.9071923,-77.0368707
"341","Lajedo, Brasil",-8.6583444,-36.3296958
"342","newyork",40.7127837,-74.0059413
"343","Wilmington NC Wild Colonies",34.2324123,-77.9128615
"344","North Melbourne, Melbourne",-37.799167,144.946667
"345","India",20.593684,78.96288
"346","Houston, TX",29.7604267,-95.3698028
"347","Philadelphia, PA",39.9525839,-75.1652215
"348","Texas",31.9685988,-99.9018131
"349","Massachusetts",42.4072107,-71.3824374
"350","USA",37.09024,-95.712891
"351","Frankfurt on the Main, Germany",50.1109221,8.6821267
"352","Argentina",-38.416097,-63.616672
"353","Arnold, MD",39.0320554,-76.5027395
"354","Chihuahua, México",28.6329957,-106.0691004
"355","Tx",31.9685988,-99.9018131
"356","Chicago",41.8781136,-87.6297982
"357","Atlanta, GA",33.7489954,-84.3879824
"358","San Antonio, TX",29.4241219,-98.4936282
"359","Kennesaw GA ",34.0234337,-84.6154897
"360","Albuquerque, NM",35.0853336,-106.6055534
"361","BADLANDS",43.8553804,-102.3396912
"362","NYC",40.7127837,-74.0059413
"363","Tlx, Mx",19.4066799,-99.1713926
"364","6",41.3175381,-95.0761636
"365","Brooklyn, NY",40.6781784,-73.9441579
"366","Robbinsville, NJ",40.2162036,-74.6195327
"367","Port Elizabeth, South Africa",-33.7139247,25.5207358
"368","San Francisco, CA",37.7749295,-122.4194155
"369","Dallas",32.7766642,-96.7969879
"370","Indianapolis, Indiana",39.768403,-86.158068
"371","Worcester, MA",42.2625932,-71.8022934
"372","Philippines x France",14.4811297,121.0304117
"373","NikeTown",40.7622974,-73.9734655
"374","VENUS",32.4334742,-97.1025077
"375","Houston, TX",29.7604267,-95.3698028
"376","Monterrey, Nuevo León",25.6866142,-100.3161126
"377","europe",54.5259614,15.2551187
"378","Florida, USA",27.6648274,-81.5157535
"379","Melrose, MA",42.4584292,-71.0661633
"380","New Orleans",29.9510658,-90.0715323
"381","Toledo, OH",41.6639383,-83.555212
"382","North Attleboro, MA",41.9695516,-71.3565439
"383","United States",37.09024,-95.712891
"384","California, USA",36.778261,-119.4179324
"385","ATL",33.7489954,-84.3879824
"386","São Paulo,ZO",-23.6507913,-46.6205957
"387","Boston",42.3600825,-71.0588801
"388","Texas",31.9685988,-99.9018131
"389","Lowell M.A",42.6334247,-71.3161718
"390","Norwalk, CT",41.117744,-73.4081575
"391","New York City ",40.7127837,-74.0059413
"392","Boston",42.3600825,-71.0588801
"393","New Jerusalem",40.4481498,-75.7471373
"394","Austin, TX",30.267153,-97.7430608
"395","Wisconsin, USA",43.7844397,-88.7878678
"396","Raleigh, NC",35.7795897,-78.6381787
"397","West Brackin' ",30.4143891,-87.6848061
"398","Frisco, TX",33.1506744,-96.8236116
"399","Dover, NH",43.1978624,-70.8736698
"400","Cape Cod, MA",41.6687897,-70.2962408
"401","Knoxville, TN",35.9606384,-83.9207392
"402","Everywhere",33.7589188,-84.3640829
"403","New York, NY",40.7127837,-74.0059413
"404","San Diego, CA",32.715738,-117.1610838
"405","Toledo, OH",41.6639383,-83.555212
"406","España",40.463667,-3.74922
"407","Sydney, New South Wales",-33.8688197,151.2092955
"408","Massachusetts, USA",42.4072107,-71.3824374
"409","PA",41.2033216,-77.1945247
"410","Westchester, New York.",41.1220194,-73.7948516
"411","El Salvador",13.794185,-88.89653
"412","508",40.2778934,-83.8408265
"413","Springfield, MA",42.1014831,-72.589811
"414","West Valley City, UT",40.6916132,-112.0010501
"415","Riverside, CA",33.9533487,-117.3961564
"416","Washington DC",38.9071923,-77.0368707
"417","Denver, CO",39.7392358,-104.990251
"418","Maryland",39.0457549,-76.6412712
"419","Boston",42.3600825,-71.0588801
"420","Mattapan !!",42.2771417,-71.0913748
"421","Burke County, GA",33.088805,-81.9534815
"422","Washington, DC",38.9071923,-77.0368707
"423","Northern VA",37.2232316,-81.4498717
"424","New York, NY",40.7127837,-74.0059413
"425","Troy, NC-Maryville, TN.",35.8022797,-83.9485191
"426","Moville, Iowa",42.4888809,-96.0725193
"427","New York, NY",40.7127837,-74.0059413
"428","Massachusetts, USA",42.4072107,-71.3824374
"429","THE BOTTOM OF THE MAP",36.4748759,-80.7738212
"430","The Taggart House",40.0647784,-74.9813015
"431","Boston - Singapore - Bangkok",42.3538818,-71.0518966
"432","Kansas City, MO",39.0997265,-94.5785667
"433","San Antonio, Texas",29.4241219,-98.4936282
"434","México",23.634501,-102.552784
"435","Massachusetts, USA",42.4072107,-71.3824374
"436","México",23.634501,-102.552784
"437","ATL",33.7489954,-84.3879824
"438","Fort Lauderdale, Fl",26.1224386,-80.1373174
"439","Atlanta, GA",33.7489954,-84.3879824
"440","Thirsk, North Yorkshire",54.233849,-1.341377
"441","Baytown TX",29.7355047,-94.9774274
"442","California, USA",36.778261,-119.4179324
"443","440 | 304 | 616",37.7618428,-122.4353514
"444","Wolfforth, TX",33.5059189,-102.0090575
"445","Ontario, Canada",51.253775,-85.3232139
"446","Winter Haven, FL",28.0222435,-81.7328567
"447","Charlotte, NC",35.2270869,-80.8431267
"448","California, USA",36.778261,-119.4179324
"449","New York, NY",40.7127837,-74.0059413
"450","San Francisco, CA",37.7749295,-122.4194155
"451","United States",37.09024,-95.712891
"452","United States, Roseville, Ca.",38.7521235,-121.2880059
"453","NOLA ",29.9510658,-90.0715323
"454","Ohio",40.4172871,-82.907123
"455","Woonsocket, Rhode Island",42.0028761,-71.5147839
"456","350",37.5948981,-104.0344383
"457","Beverly Hills, CA",34.0736204,-118.4003563
"458","London, England",51.5073509,-0.1277583
"459","Boston, MA",42.3600825,-71.0588801
"460","New York,, United States",40.7127837,-74.0059413
"461","Calgary, AB, Canada",51.0486151,-114.0708459
"462","LATAM",40.64732,-73.7904237
"463","Calle Bori, 1554, San Juan, PR",18.3846639,-66.0669098
"464","Santa Rosa, CA",38.440429,-122.7140548
"465","cyp",51.3976592,-0.4445901
"466","Sydney, Australia",-33.8688197,151.2092955
"467","Georgia, USA",32.1656221,-82.9000751
"468","NYC - NJ - PHI - CT",40.7316379,-73.350951
"469","Connecticut ",41.6032207,-73.087749
"470","California, USA",36.778261,-119.4179324
"471","New England",43.9653889,-70.8226541
"472","United States",37.09024,-95.712891
"473","boulogne billancourt, France",48.8396952,2.2399123
"474","Columbus, OH ",39.9611755,-82.9987942
"475","London, England",51.5073509,-0.1277583
"476","Baltimore, MD",39.2903848,-76.6121893
"477","Massachusetts, USA",42.4072107,-71.3824374
"478","New England",43.9653889,-70.8226541
"479","Clutch City",27.9913443,-82.4137503
"480","Texas Forever ",29.6888971,-95.6227788
"481","Malaysia",4.210484,101.975766
"482","Louisville, Kentucky",38.2526647,-85.7584557
"483","Arcadia, CA",34.1397292,-118.0353449
"484","southern california",34.9592083,-116.419389
"485","New Jersey, USA",40.0583238,-74.4056612
"486","Kansas",39.011902,-98.4842465
"487","40.255588,-76.877092",40.2555809,-76.8770788
"488","Cologne, Germany",50.937531,6.9602786
"489","Sydney, Australia",-33.8688197,151.2092955
"490","<U+0420><U+043E><U+0441><U+0441><U+0438><U+044F>",61.52401,105.318756
"491","London, England",51.5073509,-0.1277583
"492","San Diego, CA",32.715738,-117.1610838
"493","ust-ca",37.729808,-121.932387
"494","Florida, USA",27.6648274,-81.5157535
"495","New Braunfels, TX",29.7030024,-98.1244531
"496","Lanham, MD",38.9582591,-76.860565
"497","309",32.0567671,-96.1919337
"498","Chatham, Chicago",41.7409936,-87.6138818
"499","Montevideo, Uruguay.",-34.9011127,-56.1645314
"500","Atlanta",33.7489954,-84.3879824
"501","<U+0E01><U+0E23><U+0E38><U+0E07><U+0E40><U+0E17><U+0E1E><U+0E21><U+0E2B><U+0E32><U+0E19><U+0E04><U+0E23>, <U+0E1B><U+0E23><U+0E30><U+0E40><U+0E17><U+0E28><U+0E44><U+0E17><U+0E22>",13.7563309,100.5017651
"502","New York and beyond...",40.7521501,-73.9788248
"503","Oakland, CA #systemdynamics",37.8043637,-122.2711137
"504","In A Hidden Bunker,Atlanta ",33.7517203,-84.389955
"505","Columbus, OH",39.9611755,-82.9987942
"506","Carmel, CA",36.5552386,-121.9232879
"507","California, USA",36.778261,-119.4179324
"508","New Jersey, USA",40.0583238,-74.4056612
"509","404",38.9047257,-75.8774747
"510","atalanta",-27.4224135,-49.7793508
"511","Omaha, NE",41.2523634,-95.9979883
"512","Kokomo, IN",40.486427,-86.1336033
"513","Bedford, OH",41.3931096,-81.5365094
"514","210",34.2010138,-118.1884403
"515","23rdNY",40.8937312,-73.0976232
"516","Los Angeles, CA",34.0522342,-118.2436849
"517","611 Fifth Avenue",40.758045,-73.9769745
"518","Recife, Brasil",-8.0578381,-34.8828969
"519","Earth",34.2331373,-102.4107493
"520","Manaus, Brasil",-3.1190275,-60.0217314
"521","UMD '19 ",38.9869183,-76.9425543
"522","Cleveland, OH",41.49932,-81.6943605
"523","Littleton, CO",39.613321,-105.0166498
"524","Texas, USA",31.9685988,-99.9018131
"525","Walnut Creek, CA",37.9100783,-122.0651819
"526","Michigan, USA",44.3148443,-85.6023643
"527","Franklin, TN",35.9250637,-86.8688899
"528","Arlington, WA",48.1987118,-122.1251418
"529","Tuxtla Gutiérrez, Chiapas",16.7516009,-93.1029939
"530","lost boy",49.2542353,-123.067559
"531","West Virginia, USA",38.5976262,-80.4549026
"532","Texas, USA",31.9685988,-99.9018131
"533","Chicago, IL",41.8781136,-87.6297982
"534","Chicago",41.8781136,-87.6297982
"535","New Jersey, USA",40.0583238,-74.4056612
"536","nova",41.3329867,21.5393309
"537","Hoboken, NJ",40.7439905,-74.0323626
"538","Denver Harbor ",29.7700369,-95.2945694
"539","Saskatoon",52.1332144,-106.6700458
"540","se washington dc/greensboro nc",36.0696222,-79.787001
"541","Where the Wild Things are",53.6823877,-2.7021047
"542","Baltimore",39.2903848,-76.6121893
"543","New York, USA",40.7127837,-74.0059413
"544","earth",34.2331373,-102.4107493
"545","Brasil",-14.235004,-51.92528
"546","Heart in Philly",39.9568501,-75.1996261
"547","Atlanta & Worldwide",33.7489954,-84.3879824
"548","qc ",52.9399159,-73.5491361
"549","Pakistan ",30.375321,69.345116
"550","Iowa, USA",41.8780025,-93.097702
"551","Easton, PA",40.688432,-75.2207323
"552","Queens, NY",40.7282239,-73.7948516
"553","yee ",37.7972621,-122.407124
"554","Miami,fl/South Beach",25.7826123,-80.1340772
"555","Beaver Falls, PA",40.7520097,-80.3192295
"556","Dallas|New York| London ",41.378972,-72.1056514
"557","G.O.A.T.",48.3705449,10.89779
"558","Vail, Colorado",39.6402638,-106.3741955
"559","NYC",40.7127837,-74.0059413
"560","Cloud 9",44.9012479,-93.4029398
"561","Pittsburgh",40.4406248,-79.9958864
"562","Puerto Rico",18.220833,-66.590149
"563","North Arlington, NJ",40.788434,-74.1331988
"564","aqui mesmo",-15.8226869,-48.0897329
"565","United States",37.09024,-95.712891
"566","Republic of the Philippines",12.879721,121.774017
"567","Kingdom of St. Louis",38.7510941,-90.2542666
"568","Visit me ",43.656721,-70.250557
"569","New Britain, CT",41.6612104,-72.7795419
"570","Iowa, USA",41.8780025,-93.097702
"571","Montclair, CA ?",34.0775104,-117.6897776
"572","Republica Dominicana/Dom. Rep.",18.735693,-70.162651
"573","New York, NY",40.7127837,-74.0059413
"574","London, England",51.5073509,-0.1277583
"575","Hong Kong",22.396428,114.109497
"576","St. Louis",38.6270025,-90.1994042
"577","At Work",27.5759792,-99.4672613
"578","São Paulo",-23.5505199,-46.6333094
"579","Sephora",37.7849105,-122.4082053
"580","Bayou City",29.7477273,-95.3908014
"581","Houston, TX",29.7604267,-95.3698028
"582","United States",37.09024,-95.712891
"583","Orange Park, FL",30.1660736,-81.706484
"584","Toronto, Canada",43.653226,-79.3831843
"585","Miami, Florida",25.7616798,-80.1917902
"586","Queens, NY",40.7282239,-73.7948516
"587","Young, Wild, American",44.155342,-89.1665395
"588","Brooklyn, New York",40.6781784,-73.9441579
"589","6IX",43.67,-79.3898585
"590","University of Texas at Austin",30.2849185,-97.7340567
"591","New York",40.7127837,-74.0059413
"592","Greensboro, NC",36.0726354,-79.7919754
"593","everywhere",33.7589188,-84.3640829
"594","Kuala Lumpur",3.139003,101.686855
"595","Oklahoma City",35.4675602,-97.5164276
"596","My pillow fort",32.7400335,-97.4356492
"597","wrestling & pop culture",38.919519,-104.790155
"598","40.750482, -73.993378",40.75048,-73.993384
"599","Nigeria",9.081999,8.675277
"600","Forest Hills Drive",35.0852159,-78.922838
"601","Pittsburgh",40.4406248,-79.9958864
"602","Washington, USA",47.7510741,-120.7401386
"603","Fort Wayne, IN",41.079273,-85.1393513
"604","Palembang, South Sumatra",-2.9760735,104.7754307
"605","Texas, USA",31.9685988,-99.9018131
"606","Toronto, ON",43.653226,-79.3831843
"607","Mauritius",-20.348404,57.552152
"608","austin, tx",30.267153,-97.7430608
"609","England",52.3555177,-1.1743197
"610","wsc atlanta",33.7485781,-84.3905739
"611","loco",34.3292549,-97.6811407
"612","New York, NY",40.7127837,-74.0059413
"613","RJ",-22.9068467,-43.1728965
"614","The dump",41.8367362,-88.0139996
"615","Singapore",1.352083,103.819836
"616","Arizona, USA",34.0489281,-111.0937311
"617","Perryville, mo",37.7242202,-89.8612196
"618","The Catalina Wine Mixer",33.3878856,-118.4163103
"619","Lubbock, TX",33.5778631,-101.8551665
"620","vijayawada",16.5061743,80.6480153
"621","Singapore",1.352083,103.819836
"622","Rocky Mountain Empire.",39.584116,-104.8071182
"623","Boston",42.3600825,-71.0588801
"624","Chicagoland",41.7435073,-88.0118473
"625","new york",40.7127837,-74.0059413
"626","Somewhere over the Rainbow",40.7882723,-80.1436057
"627","Henderson, KY",37.8361538,-87.5900134
"628","Houston, Texas",29.7604267,-95.3698028
"629","New England",43.9653889,-70.8226541
"630","Omaha, NE",41.2523634,-95.9979883
"631","paradise city",36.0971945,-115.1466648
"632","New York, USA",40.7127837,-74.0059413
"633"," ( <U+0361>° <U+035C><U+0296> <U+0361>°)",51.0649452,17.0362674
"634","Los Angeles, CA",34.0522342,-118.2436849
"635","Costa Rica ",9.748917,-83.753428
"636","long island n.y",40.789142,-73.134961
"637","Sydney",-33.8688197,151.2092955
"638","Airport",45.5897694,-122.5950942
"639","Brasil",-14.235004,-51.92528
"640","Mobius",38.9519727,-92.3356821
"641","PA",41.2033216,-77.1945247
"642","Ontario",51.253775,-85.3232139
"643","Sucre, Bolivia",-19.0195852,-65.2619615
"644","Boston, USA",42.3600825,-71.0588801
"645","Houston, TX",29.7604267,-95.3698028
"646","Long Island, NY",40.789142,-73.134961
"647","The City of Townsville",-19.2589635,146.8169483
"648","welcome to Boston",42.308848,-71.055892
"649","Ontario, Canada ",51.253775,-85.3232139
"650","Georgetown, MA",42.7250918,-70.9911659
"651","United States",37.09024,-95.712891
"652","CranberryTownship PA",40.6849626,-80.1071379
"653","Southlake Tx",32.9412363,-97.1341783
"654","Tokyo<U+3002>Japan.",35.6894875,139.6917064
"655","New Jersey, USA",40.0583238,-74.4056612
"656","Oslo, Norway and WorldWide! ",59.9119252,10.7360507
"657","New York, NY",40.7127837,-74.0059413
"658","Nueva York, USA",40.7127837,-74.0059413
"659","Arizona, USA",34.0489281,-111.0937311
"660","Alabama, USA",32.3182314,-86.902298
"661","Houston, TX",29.7604267,-95.3698028
"662","new orleans stlouis maryland",29.9579735,-90.0637281
"663","Sayreville, NJ",40.4594021,-74.360846
"664","Atlanta ",33.7489954,-84.3879824
"665","Rochester",43.16103,-77.6109219
"666","Taco land ",29.4448816,-98.4816846
"667","The Endzone",28.1219473,-81.975299
"668","bay area",37.8271784,-122.2913078
"669","Beacon, NY",41.5048158,-73.9695832
"670","Smile & be happy",49.227717,31.852233
"671","San Antonio, TX",29.4241219,-98.4936282
"672","New Hampshire, USA",43.1938516,-71.5723953
"673","Toronto",43.653226,-79.3831843
"674","Springfield, USA",42.1014831,-72.589811
"675","Spring Hill, KS",38.7430645,-94.8255166
"676","Minnesota, USA",46.729553,-94.6858998
"677","Belo Horizonte/Betim",-19.9166813,-43.9344931
"678","Sao Paulo, Brazil",-23.5505199,-46.6333094
"679","chicago :)",41.8781136,-87.6297982
"680","Las Vegas, NV",36.1699412,-115.1398296
"681","Massachusetts, USA",42.4072107,-71.3824374
"682","Worcester, MA",42.2625932,-71.8022934
"683","Polk st. Riverside, CA",33.9105678,-117.4711384
"684","Clare, Michigan USA",43.8194703,-84.7686281
"685","Southampton, MA",42.2292572,-72.7300929
"686","Miami/Fort Lauderdale, Fl",26.0993883,-80.1343301
"687","North Carolina",35.7595731,-79.0192997
"688","Henderson, NV",36.0395247,-114.9817213
"689","New England, NE",43.9653889,-70.8226541
"690","Atlanta, GA",33.7489954,-84.3879824
"691","Campinas, São Paulo/Brasil",-22.9099384,-47.0626332
"692","Australia",-25.274398,133.775136
"693","California, USA",36.778261,-119.4179324
"694","Buenos Aires, Argentina",-34.6036844,-58.3815591
"695","Canada",56.130366,-106.346771
"696","NE Ohio",40.4172871,-82.907123
"697","North Central Washington",46.8877373,-124.1104234
"698","bay area / satx",29.3620342,-98.4784533
"699","colombia",4.570868,-74.297333
"700","Marysville, OH",40.2364486,-83.3671432
"701","CANADA, St. Albert ",53.6304753,-113.625642
"702","México",23.634501,-102.552784
"703","San Diego, CA",32.715738,-117.1610838
"704","Puerto Rico & San Antonio, TX",18.220833,-66.590149
"705","rooftop",40.7441552,-73.9883856
"706","Planet Earth",41.909611,-87.771964
"707","In your area",9.3649252,78.810972
"708","Dallas, Tx",32.7766642,-96.7969879
"709","Texas, USA",31.9685988,-99.9018131
"710","Pittsburgh, PA",40.4406248,-79.9958864
"711","Seacoast, NH",43.0751946,-70.760349
"712","Foxboro, MA",42.0653812,-71.2478251
"713","Miami, FL",25.7616798,-80.1917902
"714","Colorado, USA",39.5500507,-105.7820674
"715","King, NC",36.2806939,-80.3592197
"716","USA",37.09024,-95.712891
"717","Rio de Janeiro, Brasil",-22.9068467,-43.1728965
"718","Nebraska, USA",41.4925374,-99.9018131
"719","Texas",31.9685988,-99.9018131
"720","Mex",19.4968732,-99.7232673
"721","Ohio",40.4172871,-82.907123
"722","43.301279,-2.011885",43.3013101,-2.0115083
"723","Foxborough, Massachusetts",42.0653812,-71.2478251
"724","Tokyo, Japan",35.6894875,139.6917064
"725","Ahead of the Rest",32.954307,-97.385945
"726","Oak Lawn, Il ",41.719978,-87.7479528
"727","Twin Cities, MN",44.9374831,-93.2009998
"728","United States",37.09024,-95.712891
"729","Atlanta, GA",33.7489954,-84.3879824
"730","Albuquerque, NM",35.0853336,-106.6055534
"731","Internet",33.4926777,-112.1221652
"732","Ireland",53.1423672,-7.6920536
"733","Brasil",-14.235004,-51.92528
"734","the underground railroad",39.1275396,-77.0250233
"735","Manila",14.5995124,120.9842195
"736","London",51.5073509,-0.1277583
"737","Canberra, Australia",-35.2809368,149.1300092
"738"," USA",37.09024,-95.712891
"739","TENNESSEE / NOLA",29.948954,-90.0743769
"740","São Paulo",-23.5505199,-46.6333094
"741","Carolina",18.3807819,-65.9573872
"742","United States",37.09024,-95.712891
"743","Wisconsin, USA",43.7844397,-88.7878678
"744","Salt Lake City, UT",40.7607793,-111.8910474
"745","Albany, Ga.",31.5785074,-84.155741
"746","Minford, Ohio",38.8590595,-82.8619549
"747","Amelia court house, Virginia",37.3426037,-77.9805478
"748","Afternoon",42.2796363,-83.7463057
"749","New York, England",53.079011,-0.1378359
"750","Los Angeles",34.0522342,-118.2436849
"751","London, England",51.5073509,-0.1277583
"752","Indiana, USA",40.2671941,-86.1349019
"753","Temple, TX",31.0982344,-97.342782
"754","Costa Rica",9.748917,-83.753428
"755","NFL & Worldwide",40.7577029,-73.9723758
"756","New Jersey, USA",40.0583238,-74.4056612
"757","Lake Farquar, MN",44.7588698,-93.1641611
"758","Los Angeles/New York",34.0483215,-118.2548493
"759","Buzz City ",-33.91887,18.42189
"760","Santa Fe, NM",35.6869752,-105.937799
"761","Lincolnton, NC",35.473745,-81.2545251
"762","The Bayou",40.623047,-75.3646082
"763","Cary NC",35.79154,-78.7811169
"764","Charlotte NC",35.2270869,-80.8431267
"765","Phila ",39.9525839,-75.1652215
"766","Alexandria, VA",38.8048355,-77.0469214
"767","Kuala Lumpur, Malaysia",3.139003,101.686855
"768","St Louis, MO",38.6270025,-90.1994042
"769","Denver, CO",39.7392358,-104.990251
"770","Houston, TX",29.7604267,-95.3698028
"771","Massachusetts, USA",42.4072107,-71.3824374
"772","Brasil",-14.235004,-51.92528
"773","World",32.940444,-97.1060202
"774","Maryland, USA",39.0457549,-76.6412712
"775","Houston, TX",29.7604267,-95.3698028
"776","United States",37.09024,-95.712891
"777","raincity",-6.5971469,106.8060388
"778","japan",36.204824,138.252924
"779","Canada",56.130366,-106.346771
"780","Sugar Land, TX",29.6196787,-95.6349463
"781","Washington DC",38.9071923,-77.0368707
"782","Nacogdoches, TX",31.6035129,-94.6554874
"783","MIAMI, FL",25.7616798,-80.1917902
"784","where the koala bears at",38.8140693,-90.8889788
"785","Tallahassee, FL",30.4382559,-84.2807329
"786","Lewisville, TX",33.046233,-96.994174
"787","santiago ",-33.4488897,-70.6692655
"788","Lynn, MA",42.466763,-70.9494938
"789","Seaside, CA",36.6149217,-121.822098
"790","<U+041A><U+0440><U+044B><U+043C>",44.952117,34.102417
"791","Detroit, MI",42.331427,-83.0457538
"792","Jordan MT",47.320834,-106.9100663
"793","Los Angeles, CA",34.0522342,-118.2436849
"794","Quincy, MA",42.2528772,-71.0022705
"795","San Bernardino, CA",34.1083449,-117.2897652
"796","Saginaw Michigan 1803 ",43.432899,-83.949929
"797","Dallas, TX",32.7766642,-96.7969879
"798","Foxborough, MA",42.0653812,-71.2478251
"799","St Jacobs, Ontario",43.5401215,-80.5535235
"800","Elmwood Park, NJ",40.9039878,-74.118476
"801","United States",37.09024,-95.712891
"802","RoCo",-15.433333,40.333333
"803","Brooklyn, NY",40.6781784,-73.9441579
"804","Chicago",41.8781136,-87.6297982
"805","Alabama, USA",32.3182314,-86.902298
"806","La Costa, Buenos Aires",-36.7376124,-56.6850587
"807","Porto Velho, Brasil",-8.7611605,-63.9004303
"808","Bengaluru, India",12.9715987,77.5945627
"809","In the gutter",37.518145,-77.614517
"810","Wonderland",42.4136428,-70.9915997
"811","United States",37.09024,-95.712891
"812","Houston, TX",29.7604267,-95.3698028
"813","Ottawa, Canada",45.4215296,-75.6971931
"814","Valencia, CA",34.456151,-118.5713823
"815","Justin, TX",33.0848442,-97.2961286
"816","Brasil",-14.235004,-51.92528
"817","she / her",44.788241,20.4397566
"818","Utah",39.3209801,-111.0937311
"819","Mayonnaise Land",34.1129866,-118.2108671
"820","Pennsylvania, USA",41.2033216,-77.1945247
"821","Canonsburg, PA",40.2625702,-80.1872797
"822","Acapulco, Mexico",16.8531086,-99.8236533
"823","Serrinha, Brasil",-11.6577666,-39.0094642
"824","Sydney, NSW",-33.8688197,151.2092955
"825","Burligton coat factory",40.7427053,-73.9931761
"826","Los Angeles, CA",34.0522342,-118.2436849
"827","Wheeling, WV",40.0639616,-80.7209149
"828","the  burg",52.2709013,11.8553502
"829","STUCK IN COLUMBIA,SC",34.0292337,-81.0336105
"830","United States",37.09024,-95.712891
"831","Fort Myers",26.640628,-81.8723084
"832","Southwest Ohio",40.4172871,-82.907123
"833","New Jersey ",40.0583238,-74.4056612
"834","Bedford, MA",42.4906231,-71.2760089
"835","Foxborough, MA",42.0653812,-71.2478251
"836","North York",43.7615377,-79.4110794
"837","Valparaiso, IN",41.4730948,-87.0611412
"838","Kansas, USA",39.011902,-98.4842465
"839","The Moon",40.5169767,-80.2213477
"840","Atlanta, GA",33.7489954,-84.3879824
"841","Rio de Janeiro, Brasil",-22.9068467,-43.1728965
"842","Iowa City, Iowa",41.6611277,-91.5301683
"843","Texas, USA",31.9685988,-99.9018131
"844","New York, NY",40.7127837,-74.0059413
"845","Montréal, Québec",45.5016889,-73.567256
"846","Bi-ami",42.5684663,-83.8089895
"847","York, Pa",39.9625984,-76.727745
"848","San Mateo, CA",37.5629917,-122.3255254
"849","São Luís",-2.5391099,-44.2829046
"850","216 ",32.400126,-104.195846
"851","New York, USA",40.7127837,-74.0059413
"852","wahoowa",38.0335529,-78.5079772
"853","London, England",51.5073509,-0.1277583
"854","The B to Baton Rouge",30.3592421,-91.023414
"855","Los Angeles, CA",34.0522342,-118.2436849
"856","Phoenix",33.4483771,-112.0740373
"857","Charlotte, NC",35.2270869,-80.8431267
"858","Colorado Springs, CO",38.8338816,-104.8213634
"859","RGV",26.162872,-97.887797
"860","Bergen County, New Jersey",40.9262762,-74.07701
"861","Boston, MA",42.3600825,-71.0588801
"862","Dallas, TX",32.7766642,-96.7969879
"863","badlands",43.8553804,-102.3396912
"864","Baltimore, Maryland",39.2903848,-76.6121893
"865","Chicago, IL",41.8781136,-87.6297982
"866","Berlin, Germany",52.5200066,13.404954
"867","Washington, DC / NYC / London",38.9008973,-77.0262906
"868","Oakland, CA",37.8043637,-122.2711137
"869","914",39.8557016,-77.6630856
"870","Denver,  Colorado",39.7392358,-104.990251
"871","California, USA",36.778261,-119.4179324
"872","Illinois,USA",40.6331249,-89.3985283
"873","rio de janeiro",-22.9068467,-43.1728965
"874","UTSA",29.5830244,-98.6207675
"875","Paraguay",-23.442503,-58.443832
"876","Sanford, NC",35.4798757,-79.1802994
"877","Kota, India",25.2138156,75.8647527
"878","Delray Beach, FL",26.4614625,-80.0728201
"879","Melbourne",-37.813611,144.963056
"880","North Carolina, USA",35.7595731,-79.0192997
"881","King, NC",36.2806939,-80.3592197
"882","Chicago",41.8781136,-87.6297982
"883","NORTH AMERICA/EUROPE",51.4362036,5.9792472
"884","USA",37.09024,-95.712891
"885","10 East Belcher Rd. Foxborough",42.0621676,-71.2287036
"886","Long Beach, CA",33.7700504,-118.1937395
"887","Georgia",32.1656221,-82.9000751
"888","SC",33.836081,-81.1637245
"889","Norfolk, VA",36.8507689,-76.2858726
"890","Green Bay",44.519159,-88.019826
"891","704",39.6676033,-104.9395637
"892","Washington, DC",38.9071923,-77.0368707
"893","Toronto ",43.653226,-79.3831843
"894","845",32.041565,-92.1354309
"895","Manaus, Brasil",-3.1190275,-60.0217314
"896","San Diego, CA",32.715738,-117.1610838
"897","Georgia, USA",32.1656221,-82.9000751
"898","Toronto",43.653226,-79.3831843
"899","Dallas, TX",32.7766642,-96.7969879
"900","Atlanta, GA",33.7489954,-84.3879824
"901","Seattle, WA",47.6062095,-122.3320708
"902","Pennsylvania",41.2033216,-77.1945247
"903","Georgia, United States",32.1656221,-82.9000751
"904","United States",37.09024,-95.712891
"905","Thailand",15.870032,100.992541
"906","Des Moines, IA",41.6005448,-93.6091064
"907","Czarnia",53.3559413,21.1945343
"908","New York, NY",40.7127837,-74.0059413
"909","outerspace",41.3539107,-72.9252738
"910","Red Hill, PA",40.3728778,-75.4810131
"911","Lexington SC",33.9815369,-81.2362107
"912","Milly",40.7724058,-73.9651629
"913","Singapore",1.352083,103.819836
"914","Chandigarh, India",30.7333148,76.7794179
"915","Los Angeles, California",34.0522342,-118.2436849
"916","United States",37.09024,-95.712891
"917","Louisiana, USA",30.9842977,-91.9623327
"918","United States",37.09024,-95.712891
"919","Braintree, MA",42.2079017,-71.0040013
"920","Louisiana, USA",30.9842977,-91.9623327
"921","Arkham Asylum",41.5226257,-72.0883141
"922","Toronto",43.653226,-79.3831843
"923","On A Mission",34.0967758,-117.718071
"924","Jersey",49.214439,-2.13125
"925","Eastern Sea Board <U+2693><U+FE0F>",33.7579435,-84.3514038
"926","Greensboro, GA",33.5756831,-83.1823789
"927","San Diego, CA",32.715738,-117.1610838
"928","The 6 ",31.7889901,-97.5804767
"929","18",40.350434,-74.285247
"930","Harrisonburg, VA",38.4495688,-78.8689155
"931","Mentone, AL",34.5795282,-85.5905204
"932","Vancouver, Canada",49.2827291,-123.1207375
"933","Heaven",30.6735749,-96.373747
"934","Fort Myers Florida",26.640628,-81.8723084
"935","Castle Byers",40.9735932,-80.3491141
"936","Boston",42.3600825,-71.0588801
"937","Mexico",23.634501,-102.552784
"938","Arkansas, USA",35.20105,-91.8318334
"939","FBI ",38.8955742,-77.0249366
"940","Murfreesboro, TN",35.8456213,-86.39027
"941","...not too far away...",42.726053,-88.5424226
"942","Los Angeles",34.0522342,-118.2436849
"943","The Kingdom of God",41.421538,-75.6298279
"944","Vancouver,Canada",49.2827291,-123.1207375
"945","Atlanta, GA",33.7489954,-84.3879824
"946","Adelaide, South Australia",-34.9284989,138.6007456
"947","Sydney, New South Wales",-33.8688197,151.2092955
"948","Wrentham, MA",42.0667652,-71.3281114
"949","Fishers, Indiana",39.9567548,-86.01335
"950","New York, USA",40.7127837,-74.0059413
"951","Lewiston, ME",44.100351,-70.2147764
"952","Virgin Islands, U.S.",18.335765,-64.896335
"953","Grand Rapids, MI, USA",42.9633599,-85.6680863
"954","Pittsburgh, PA",40.4406248,-79.9958864
"955","Jequitinhonha, MG,Brasil",-16.4510937,-41.0394028
"956","NYC-area ",40.6045525,-74.1199014
"957","Oaxaca Mexico",17.0686305,-96.7219034
"958","United States",37.09024,-95.712891
"959","Alaska",64.2008413,-149.4936733
"960","Seattle, WA",47.6062095,-122.3320708
"961","chicago",41.8781136,-87.6297982
"962","Denver ",39.7392358,-104.990251
"963","la concha de tu vieja",67.4567802,86.6416545
"964","Sioux City, IA",42.4999942,-96.4003069
"965","United States",37.09024,-95.712891
"966","Atlanta, GA",33.7489954,-84.3879824
"967","Birmingham, United Kingdom",52.486243,-1.890401
"968","BC, Canada",53.7266683,-127.6476206
"969","Brussels, Belgium",50.8503396,4.3517103
"970","Canada, Hamilton ",43.2557206,-79.8711024
"971","Hokes Bluff, AL ",33.9981546,-85.8663574
"972","United States, West Virginia",38.5976262,-80.4549026
"973","Foxborough, MA",42.0653812,-71.2478251
"974","Manaus, Amazonas",-3.1190275,-60.0217314
"975","Atlanta",33.7489954,-84.3879824
"976","São Paulo",-23.5505199,-46.6333094
"977","Ontario, Canada",51.253775,-85.3232139
"978","Dub-C ",44.2817486,17.7135014
"979","Clinton, MA",42.4167635,-71.6829081
"980","Honduras, San Pedro Sula",15.5149204,-87.9922684
"981","Miami, FL",25.7616798,-80.1917902
"982","Harrogate, TN",36.5823046,-83.6568579
"983","United States",37.09024,-95.712891
"984","Ukhrul,Manipur,India",24.9320611,94.479976
"985","Florida, USA",27.6648274,-81.5157535
"986","Kelowna, BC",49.8879519,-119.4960106
"987","MV 914",32.2807454,-109.3567638
"988","215",36.023617,-115.0962998
"989","VA / NJ",40.7527093,-74.2359072
"990","Green, OH ",40.9458898,-81.4831714
"991","London, England",51.5073509,-0.1277583
"992","Holmdel, NJ",40.3451095,-74.1840322
"993","Chicago, IL",41.8781136,-87.6297982
"994","htx",40.8212188,-73.2519376
"995","Lebrija",36.9197889,-6.0758624
"996","West Philadelphia, PA",39.9757092,-75.2128996
"997","Gravataí, RS",-29.942289,-50.9907877
"998","AT&T Stadium, TX",47.516231,14.550072
"999","Virginia Beach, VA",36.8529263,-75.977985
"1000","Argentina",-38.416097,-63.616672
"1001","United Kingdom, London",51.5073509,-0.1277583
"1002","Las Vegas, NV",36.1699412,-115.1398296
"1003","Tijuana",32.5149469,-117.0382471
"1004","San Francisco, CA | Oslo, NO",37.76686,-122.4219175
"1005","Decatur Georgia",33.7748275,-84.2963123
"1006","Houston, Texas",29.7604267,-95.3698028
"1007","215 - 202",15.6576983,103.7724232
"1008","Canada",56.130366,-106.346771
"1009","Canada",56.130366,-106.346771
"1010","Toulouse ",43.604652,1.444209
"1011","Michigan, USA",44.3148443,-85.6023643
"1012","New Jersey",40.0583238,-74.4056612
"1013","Boston, MA",42.3600825,-71.0588801
"1014","New York, NY",40.7127837,-74.0059413
"1015","Ireland",53.1423672,-7.6920536
"1016","Ireland",53.1423672,-7.6920536
"1017","Florida, USA",27.6648274,-81.5157535
"1018","Plainview, NY",40.7764882,-73.4673454
"1019","NJ",40.0583238,-74.4056612
"1020","Boston, Massachusetts",42.3600825,-71.0588801
"1021","Bakersfield, CA",35.3732921,-119.0187125
"1022","New Orleans, LA",29.9510658,-90.0715323
"1023","Romans 12:2",37.0841423,-86.7045336
"1024","Altamonte Springs, FL",28.6611089,-81.3656242
"1025","Farmville, VA",37.3020965,-78.3919401
"1026","Uxbridge, MA",42.0772429,-71.6302532
"1027","UNITED STATES OF AMERICA",37.09024,-95.712891
"1028","OH-NY-NJ-PA",40.2897815,-74.2876618
"1029","Maryland, USA",39.0457549,-76.6412712
"1030","Scotland, United Kingdom",56.4906712,-4.2026458
"1031","San Jose, Costa Rica",9.9280694,-84.0907246
"1032","East Region, Singapore",1.3614591,103.8387689
"1033","Detroit, MI",42.331427,-83.0457538
"1034","Georgia, USA",32.1656221,-82.9000751
"1035","Houston, TX",29.7604267,-95.3698028
"1036","Boston",42.3600825,-71.0588801
"1037","Pittsburgh, PA",40.4406248,-79.9958864
"1038","Camberley",51.3353899,-0.742856
"1039","Singapore",1.352083,103.819836
"1040","Massachusetts, USA",42.4072107,-71.3824374
"1041","Florida, USA",27.6648274,-81.5157535
"1042","Atlanta, GA",33.7489954,-84.3879824
"1043","Georgia, USA",32.1656221,-82.9000751
"1044","Maryland, USA",39.0457549,-76.6412712
"1045","Marlton Nj",39.8912248,-74.9218324
"1046","Bellevue, WA",47.6101497,-122.2015159
"1047","Port Arthur, Texas",29.8849504,-93.939947
"1048","Baton Rouge, LA",30.4582829,-91.1403196
"1049","Rouen, France",49.443232,1.099971
"1050","Orland Hills, IL",41.5853107,-87.8431078
"1051","Haus of Gaga",19.4121597,-99.1712821
"1052","Paradise",39.7596061,-121.6219177
"1053","USA",37.09024,-95.712891
"1054","Georgia",32.1656221,-82.9000751
"1055","Estados Unidos",37.09024,-95.712891
"1056","México, Distrito Federal",19.4326077,-99.133208
"1057","Los Angeles, CA",34.0522342,-118.2436849
"1058","ImRightHere",51.3691896,-1.1189112
"1059","SMTX",50.8388347,5.7154566
"1060","Denver.",39.7392358,-104.990251
"1061","Houston, TX",29.7604267,-95.3698028
"1062","Paraguay - Itauguá ",-25.4106487,-57.3609511
"1063","Atlanta GA",33.7489954,-84.3879824
"1064","Everywhere & Nowhere",33.7589188,-84.3640829
"1065","Mexico",23.634501,-102.552784
"1066","United States",37.09024,-95.712891
"1067","Los Angeles",34.0522342,-118.2436849
"1068","Bogotá, D.C., Colombia",4.7109886,-74.072092
"1069","207",29.763138,-81.4605271
"1070","Silicon Valley, CA",37.387474,-122.0575434
"1071","syracuse ,  york",43.0481221,-76.1474244
"1072","Narnia",37.4200507,-122.1750657
"1073","Atlanta, GA",33.7489954,-84.3879824
"1074","NJ All Day ",39.4746823,-74.5956416
"1075","la luna ",40.619161,-111.980204
"1076","Pittsburgh, PA",40.4406248,-79.9958864
"1077","South Jersey",49.214439,-2.13125
"1078","old national ",38.5212512,-86.4511837
"1079","Hilmar ",37.4040942,-120.8504738
"1080","Lloydminster (Part), Saskatchewan",53.284459,-109.978899
"1081","Monterrey, Nuevo León",25.6866142,-100.3161126
"1082","Highland, CA",34.1283442,-117.2086513
"1083","Swampscott, MA",42.4709437,-70.9175562
"1084","Tokyo, Japan",35.6894875,139.6917064
"1085","Derry, NH",42.8806437,-71.3273346
"1086","RVA",37.5407246,-77.4360481
"1087","Paradise",39.7596061,-121.6219177
"1088","Goya, Argentina",-29.1442242,-59.2643242
"1089","United States",37.09024,-95.712891
"1090","worldwide",43.8169837,-79.532157
"1091","Minnesota",46.729553,-94.6858998
"1092","Fort Meade, MD ",39.1137602,-76.7267773
"1093","Kansas City, MO",39.0997265,-94.5785667
"1094","Fullerton, CA",33.8703596,-117.9242966
"1095","Fortaleza ",-3.7318616,-38.5266704
"1096","Boston/Coventry",52.4330598,-1.5032725
"1097","São José dos Campos, São Paulo",-23.223701,-45.9009074
"1098","Texas",31.9685988,-99.9018131
"1099","Boston, MA",42.3600825,-71.0588801
"1100","Memphis, TN",35.1495343,-90.0489801
"1101","Washington, DC",38.9071923,-77.0368707
"1102","Maryland, USA",39.0457549,-76.6412712
"1103","Hagley ",39.774874,-75.5779318
"1104","Colorado, USA",39.5500507,-105.7820674
"1105","TX",31.9685988,-99.9018131
"1106","The LU, TX",30.040144,-94.075231
"1107","good question",49.965992,8.268633
"1108","Milton, MA",42.2495321,-71.0661653
"1109","Canton, Texas ",32.5565244,-95.8632996
"1110","VA/DC",38.9006143,-77.0351701
"1111","Holland, MI",42.7875235,-86.1089301
"1112","Utica, NY",43.100903,-75.232664
"1113","LA",34.0522342,-118.2436849
"1114","Braintree , Ma",42.2079017,-71.0040013
"1115","New York, USA",40.7127837,-74.0059413
"1116","Ohio, USA",40.4172871,-82.907123
"1117","Guadalajara, México",20.6596988,-103.3496092
"1118","Winfield, KS",37.2397486,-96.9955918
"1119","Santiago, Chile",-33.4488897,-70.6692655
"1120","OVO",34.0745721,-118.3437757
"1121","Ohio",40.4172871,-82.907123
"1122","Argentina",-38.416097,-63.616672
"1123","Rio de Janeiro, Brasil",-22.9068467,-43.1728965
"1124","United States",37.09024,-95.712891
"1125","Marie Callenders/ The Bistro",34.129133,-117.881629
"1126","Pittsburgh and Las Vegas ",40.4719008,-79.709343
"1127","Merced, CA",37.3021632,-120.4829677
"1128","Oakville, Ontario",43.467517,-79.6876659
"1129","Los Angeles",34.0522342,-118.2436849
"1130","United States",37.09024,-95.712891
"1131","Colombia",4.570868,-74.297333
"1132","Greensboro, NC",36.0726354,-79.7919754
"1133","Chicago Illinois",41.8781136,-87.6297982
"1134","New Orleans, Louisiana",29.9510658,-90.0715323
"1135","Soho Manattan, Ny ",40.723301,-74.0029883
"1136","NorCal",38.8375215,-120.8958242
"1137","Port Arthur, TX",29.8849504,-93.939947
"1138","Newport, RI",41.4901024,-71.3128285
"1139","Dublin",53.3498053,-6.2603097
"1140","vinni & Keu",59.2911767,26.4272464
"1141","Brandon Florida",27.937801,-82.2859247
"1142","NJ",40.0583238,-74.4056612
"1143","Milano, Italia",45.4654219,9.1859243
"1144","NorfLB",40.7547176,-73.9827734
"1145","Wichita, KS",37.6871761,-97.330053
"1146","Struthers, Ohio",41.0525588,-80.6078509
"1147","Charlotte North Carolina",35.2270869,-80.8431267
"1148","Madurai South, India",9.9252007,78.1197754
"1149","Miami, FL",25.7616798,-80.1917902
"1150","6400 block",42.2256252,-90.0836146
"1151","Killeen, TX",31.1171194,-97.7277959
"1152","north of the wall ",40.169294,-74.022803
"1153","Frankfurt/Germany",50.1109221,8.6821267
"1154","Weston Road ",26.0964939,-80.3690806
"1155","Mililani, Hawai'i",21.4513314,-158.0152807
"1156","Church ",38.3625705,-89.508918
"1157","Highland, IN",41.5536468,-87.451984
"1158","Down Under",42.3458622,-71.109152
"1159","Atlanta, GA",33.7489954,-84.3879824
"1160","Vernon Hills, IL",42.2393323,-87.9653565
"1161","Lee's Summit, MO",38.9108408,-94.3821724
"1162","Houston, TX",29.7604267,-95.3698028
"1163","Lubbock, TX",33.5778631,-101.8551665
"1164","NY, TX",32.1679321,-95.6691277
"1165","Jacks Creek TN",35.4686868,-88.5208825
"1166","Argentina",-38.416097,-63.616672
"1167","Minnesota, USA",46.729553,-94.6858998
"1168","Maple Grove ",45.0724642,-93.4557877
"1169","Atlanta, GA",33.7489954,-84.3879824
"1170","bangkok , Thailand ",13.7563309,100.5017651
"1171","Somewhere in the world...",36.1611747,-115.1219028
"1172","Costa Rica",9.748917,-83.753428
"1173","Elmira NY",42.0897965,-76.8077338
"1174","Rome, GA",34.257038,-85.1646726
"1175","Atlanta",33.7489954,-84.3879824
"1176","PHILLY",39.9525839,-75.1652215
"1177","Aguascalientes, México",21.8852562,-102.2915677
"1178","Newberry, SC",34.2745833,-81.6187178
"1179","Massachusetts",42.4072107,-71.3824374
"1180","Dallas, TX",32.7766642,-96.7969879
"1181","Grand Prairie, TX",32.7459645,-96.9977846
"1182","Salem,MA",42.51954,-70.8967155
"1183","Fresno, CA",36.7468422,-119.7725868
"1184","La La Land...",34.0522342,-118.2436849
"1185","europa",40.7567217,-73.9867329
"1186","Dallas, TX",32.7766642,-96.7969879
"1187","Atlanta, GA",33.7489954,-84.3879824
"1188","CT",41.6032207,-73.087749
"1189","Denver, CO",39.7392358,-104.990251
"1190","The Big Apple",40.7127837,-74.0059413
"1191","Panamá",8.537981,-80.782127
"1192","michigan - america's highfive.",44.7559611,-85.6429388
"1193","Tucson, AZ ",32.2217429,-110.926479
"1194","United States",37.09024,-95.712891
"1195","New York, NY",40.7127837,-74.0059413
"1196","Jakarta Timur, DKI Jakarta",-6.2250138,106.9004472
"1197","Oxford, MS",34.3664951,-89.5192484
"1198","United States",37.09024,-95.712891
"1199","Arlington, TX",32.735687,-97.1080656
"1200","Cleveland, OH",41.49932,-81.6943605
"1201","New York, NY",40.7127837,-74.0059413
"1202","West Brow, GA ",34.9228546,-85.415238
"1203","Indiana",40.2671941,-86.1349019
"1204","Manassas, VA",38.7509488,-77.4752667
"1205","Bethlehem, PA",40.6259316,-75.3704579
"1206","East Lansing, MI",42.7369792,-84.4838654
"1207","England, UK",52.3555177,-1.1743197
"1208","+55021",44.3139974,-93.2986106
"1209","Al Jahra, Kuwait",29.3365728,47.6755291
"1210","u n c g.",36.0674908,-79.8098429
"1211","Querétaro",20.5887932,-100.3898881
"1212","Pennsylvania, USA",41.2033216,-77.1945247
"1213","Middle USA",33.057837,-91.5705695
"1214","viburnum,mo",37.7153239,-91.1351341
"1215","Miami Beach, FL",25.790654,-80.1300455
"1216","Bakersfield, California, USA",35.3732921,-119.0187125
"1217","San Francisco",37.7749295,-122.4194155
"1218","Coatesville",39.9831616,-75.8238355
"1219","New York, USA",40.7127837,-74.0059413
"1220","Twin Cities, MN",44.9374831,-93.2009998
"1221","Greater Detroit Area, MI",42.3329495,-83.0423977
"1222","Houston, TX",29.7604267,-95.3698028
"1223","texas",31.9685988,-99.9018131
"1224","Kenai, AK",60.5544444,-151.2583333
"1225","Portland, OR",45.5230622,-122.6764816
"1226","Park Ridge, NJ",41.0375968,-74.0406956
"1227","Texas",31.9685988,-99.9018131
"1228","Downtown, SC",33.836081,-81.1637245
"1229","Leicester, MA",42.245926,-71.9086843
"1230","The Jungle,LA ",33.956131,-118.4488017
"1231","Incognito",49.2849885,-123.1107973
"1232","H-town",33.0205401,-96.7028312
"1233","Honduras",15.199999,-86.241905
"1234","Massachusetts, USA",42.4072107,-71.3824374
"1235","Atlanta, GA USA",33.7489954,-84.3879824
"1236","Fortress of Solitude",40.745724,-74.172162
"1237","Troupe 1576",29.5968577,-81.5995922
"1238","Tangerang",-6.2023936,106.6527099
"1239","Denver, CO",39.7392358,-104.990251
"1240","Oklahoma City, OK",35.4675602,-97.5164276
"1241","Delray Beach, FL in Spirit",26.552228,-80.055164
"1242","Indiana, USA",40.2671941,-86.1349019
"1243","Warren, MI",42.5144566,-83.0146526
"1244","Rio de Janeiro, Brasil",-22.9068467,-43.1728965
"1245","Virginia Beach, VA",36.8529263,-75.977985
"1246","Black Lives Matter",44.9522896,-93.2991931
"1247","Fairview Park, OH",41.4414366,-81.8643039
"1248","Georgia, USA",32.1656221,-82.9000751
"1249","West Deptford , NJ",39.8318378,-75.1895576
"1250","Jersey Girl",40.2305911,-74.6777458
"1251","Maceió, Brasil",-9.6498487,-35.7089492
"1252","Texas,Kerr co",30.0945305,-99.456155
"1253","Edmonton, Alberta",53.544389,-113.4909267
"1254","Bayonne, NJ",40.6687141,-74.1143091
"1255","UGA.",33.9480053,-83.3773221
"1256","Traverse City, MI",44.7630567,-85.6206317
"1257","Atlanta, GA",33.7489954,-84.3879824
"1258","Oakland, CA",37.8043637,-122.2711137
"1259","Detroit, MI",42.331427,-83.0457538
"1260","New York, NY",40.7127837,-74.0059413
"1261","Los Angeles, CA",34.0522342,-118.2436849
"1262","Cleveland, OH",41.49932,-81.6943605
"1263","New York, NY",40.7127837,-74.0059413
"1264","Phoenix, AZ",33.4483771,-112.0740373
"1265","Boston , MA",42.3600825,-71.0588801
"1266","Milwaukee, WI",43.0389025,-87.9064736
"1267","St. Louis, MO",38.6270025,-90.1994042
"1268","Arlington, TX",32.735687,-97.1080656
"1269","Toronto, ON",43.653226,-79.3831843
"1270","Minneapolis, MN",44.977753,-93.2650108
"1271","Tampa, FL",27.950575,-82.4571776
"1272","San Marcos, TX",29.8832749,-97.9413941
"1273","941",37.8856637,-86.1979379
"1274","El Paso, Texas",31.7618778,-106.4850217
"1275","phog",42.3170148,-83.0405258
"1276","North Dakota",47.5514926,-101.0020119
"1277","New York,and San Antonio USA",40.6413111,-73.7781391
"1278","Kumanovo, Macedonia",42.1322895,21.7256936
"1279","HONOLULU, HI",21.3069444,-157.8583333
"1280","Oakton, VA",38.8809451,-77.3008172
"1281","Toronto, Ontario",43.653226,-79.3831843
"1282","Tennessee",35.5174913,-86.5804473
"1283","port orange",29.1383165,-80.9956105
"1284","Wichita & Cleveland",37.6871761,-97.330053
"1285","sp",-23.5431786,-46.6291845
"1286","United States",37.09024,-95.712891
"1287","Brighton",50.82253,-0.137163
"1288","Atlanta ",33.7489954,-84.3879824
"1289","global",34.1140497,-83.9811014
"1290","Haltom City, TX",32.7995738,-97.2691817
"1291","HAUS OF GAGA",19.4121597,-99.1712821
"1292","México ",23.634501,-102.552784
"1293","North Carolina",35.7595731,-79.0192997
"1294","New Oleans,LA",29.9510658,-90.0715323
"1295","New York, NY",40.7127837,-74.0059413
"1296","Odessa,TX",31.8456816,-102.3676431
"1297","Chandigarh, India",30.7333148,76.7794179
"1298","ATL",33.7489954,-84.3879824
"1299","Shabbona, IL",41.7680851,-88.8770311
"1300","Richmond, VA",37.5407246,-77.4360481
"1301","New York, NY",40.7127837,-74.0059413
"1302","São Paulo, Brasil",-23.5505199,-46.6333094
"1303","Indianapolis, IN",39.768403,-86.158068
"1304","Rockville, MD",39.0839973,-77.1527578
"1305","Mississippi, USA",32.3546679,-89.3985283
"1306","Watford",51.656489,-0.39032
"1307","Ohio, USA",40.4172871,-82.907123
"1308","Chicago, IL",41.8781136,-87.6297982
"1309"," Wyandotte Michigan ",42.2142064,-83.1499239
"1310","NYC",40.7127837,-74.0059413
"1311","Carle Place, NY",40.7526008,-73.6104058
"1312","to",-21.178986,-175.198242
"1313","Oak Lawn",41.719978,-87.7479528
"1314","United States",37.09024,-95.712891
"1315","San Francisco, CA",37.7749295,-122.4194155
"1316","VENUS",32.4334742,-97.1025077
"1317","md.",39.0457549,-76.6412712
"1318","Florida, USA",27.6648274,-81.5157535
"1319","Republic of Kekistan",30.375321,69.345116
"1320","Tennessee, USA",35.5174913,-86.5804473
"1321","Chicago, IL",41.8781136,-87.6297982
"1322","Atlanta, GA",33.7489954,-84.3879824
"1323","Minneapolis, MN",44.977753,-93.2650108
"1324","Denver, CO",39.7392358,-104.990251
"1325","San Francisco, CA",37.7749295,-122.4194155
"1326","New York, NY",40.7127837,-74.0059413
"1327","Dallas, TX",32.7766642,-96.7969879
"1328","Indianapolis, IN",39.768403,-86.158068
"1329","Chicago, IL",41.8781136,-87.6297982
"1330","Green Bay, WI",44.519159,-88.019826
"1331","Kansas City, MO",39.0997265,-94.5785667
"1332","Nashville, TN",36.1626638,-86.7816016
"1333","Philadelphia, PA",39.9525839,-75.1652215
"1334","Tampa, FL",27.950575,-82.4571776
"1335","Baltimore, MD",39.2903848,-76.6121893
"1336","Detroit, MI",42.331427,-83.0457538
"1337","Philadelphia, PA",39.9525839,-75.1652215
"1338","New York, NY",40.7127837,-74.0059413
"1339","Seattle, WA",47.6062095,-122.3320708
"1340","St. Louis, MO",38.6270025,-90.1994042
"1341","Charlotte, NC",35.2270869,-80.8431267
"1342","New York, NY",40.7127837,-74.0059413
"1343","Jacksonville, FL",30.3321838,-81.655651
"1344","Phoenix, AZ",33.4483771,-112.0740373
"1345","Seattle, WA",47.6062095,-122.3320708
"1346","New Orleans, LA",29.9510658,-90.0715323
"1347","Cincinnati Bengals",39.1050352,-84.5484209
"1348","Pittsburgh, PA",40.4406248,-79.9958864
"1349","Washington, D.C.",38.9071923,-77.0368707
"1350","Houston, TX",29.7604267,-95.3698028
"1351","Mantova, Italy",45.1564168,10.7913751
"1352","Cleveland, OH",41.49932,-81.6943605
"1353","San Diego, CA",32.715738,-117.1610838
"1354","rabbit hole",38.8354621,-104.8229839
"1355","Anaheim, CA",33.8352932,-117.9145036
"1356","Miami, FL",25.7616798,-80.1917902
"1357","Baltimore, MD",39.2903848,-76.6121893
"1358","Anaheim, CA",33.8352932,-117.9145036
"1359","Denver, CO",39.7392358,-104.990251
"1360","Washington, D.C.",38.9071923,-77.0368707
"1361","Lima, OH",40.742551,-84.1052256
"1362","MEXICO",23.634501,-102.552784
"1363","Bogotá - Colombia ",4.7109886,-74.072092
"1364","DAL<U+2708><U+FE0F>NYC",32.8481029,-96.8512063
"1365","USA",37.09024,-95.712891
"1366","DMV",43.0405846,-87.9196785
"1367","Los Angeles, CA",34.0522342,-118.2436849
"1368","Fresno ",36.7468422,-119.7725868
"1369","West Coast",62.4113634,-149.0729715
"1370","Corvallis, OR",44.5645659,-123.2620435
"1371","Columbia, SC",34.0007104,-81.0348144
"1372","Alabama",32.3182314,-86.902298
"1373","Salt Lake City, UT",40.7607793,-111.8910474
"1374","East Lansing, MI",42.7369792,-84.4838654
"1375","University Park, PA",40.8147955,-77.8653126
"1376","Seattle, WA",47.6062095,-122.3320708
"1377","Atlanta, GA",33.7489954,-84.3879824
"1378","Clemson, SC",34.6834382,-82.8373654
"1379","Ann Arbor, MI",42.2808256,-83.7430378
"1380","Notre Dame, IN",41.7055716,-86.2353388
"1381","Los Angeles, CA",34.0522342,-118.2436849
"1382","Chapel Hill, NC",35.9131996,-79.0558445
"1383","Lawrence, KS",38.9716689,-95.2352501
"1384","Columbia, MO",38.9517053,-92.3340724
"1385","Gainesville, FL",29.6516344,-82.3248262
"1386","Eugene, OR",44.0520691,-123.0867536
"1387","Stillwater, OK",36.1156071,-97.0583681
"1388","Berkeley, CA",37.8715926,-122.272747
"1389","Knoxville, TN",35.9606384,-83.9207392
"1390","Columbus, OH",39.9611755,-82.9987942
"1391","North Brunswick, NJ",40.4525163,-74.4766712
"1392","Austin, TX",30.267153,-97.7430608
"1393","Blacksburg, VA",37.2295733,-80.4139393
"1394","Norman, OK",35.2225668,-97.4394777
"1395","Iowa City, IA",41.6611277,-91.5301683
"1396","Lexington, KY",38.0405837,-84.5037164
"1397","Lubbock, TX",33.5778631,-101.8551665
"1398","Auburn, AL",32.6098566,-85.4807825
"1399","Los Angeles, CA",34.0522342,-118.2436849
"1400","St. George, Utah",37.0965278,-113.5684164
"1401","Oxford, MS",34.3664951,-89.5192484
"1402","Pretoria",-25.7478676,28.2292712
"1403","Morgantown, WV",39.629526,-79.9558968
"1404","Boise, ID",43.6187102,-116.2146068
"1405","Madison, WI",43.0730517,-89.4012302
"1406","Tuscon, AZ",32.2217429,-110.926479
"1407","Baton Rouge, LA",30.4582829,-91.1403196
"1408","Atlanta, GA",33.7489954,-84.3879824
"1409","Lincoln, NE",40.8257625,-96.6851982
"1410","Minnesota, USA",46.729553,-94.6858998
"1411","Miami, FL",25.7616798,-80.1917902
"1412","Cincinnati, Ohio",39.1031182,-84.5120196
"1413","Wonderland | FaMAF",43.8430176,-79.5394625
"1414","Baltimore MD / traveling",39.2781619,-76.5487989
"1415","VENUS ",32.4334742,-97.1025077
"1416","Southern California",34.9592083,-116.419389
"1417","Long Island",40.789142,-73.134961
"1418","Hudson Valley, NY",41.9209018,-73.9612887
"1419","Prosper, TX",33.2362278,-96.80111
"1420","Montgomery, AL",32.3668052,-86.2999689
"1421","Worldwide ",43.8169837,-79.532157
"1422","Clermont, FL",28.5494447,-81.7728543
"1423","LOUISIANA",30.9842977,-91.9623327
"1424","Andradas - MG",-22.0699763,-46.5728156
"1425","New Orleans, LA",29.9510658,-90.0715323
"1426","Portsmouth, RI",41.6023245,-71.2503257
"1427","Atlanta, GA",33.7489954,-84.3879824
"1428","Boston, MA",42.3600825,-71.0588801
"1429","Pennsylvania, USA",41.2033216,-77.1945247
"1430","Here, there, everywhere",40.774716,-74.694929
"1431","Boston, MA",42.3600825,-71.0588801
"1432","Orange County, California",33.7174708,-117.8311428
"1433","Anaheim, CA",33.8352932,-117.9145036
"1434","Long Island, NY",40.789142,-73.134961
"1435","Canberra, Australia",-35.2809368,149.1300092
"1436","Washington, DC",38.9071923,-77.0368707
"1437","Los Angeles, CA",34.0522342,-118.2436849
"1438","Vancouver, CAN",49.2827291,-123.1207375
"1439","St. Louis, MO",38.6270025,-90.1994042
"1440","Toronto, ON",43.653226,-79.3831843
"1441","St. Albert",53.6304753,-113.625642
"1442","Buffalo, NY",42.8864468,-78.8783689
"1443","Nashville, TN",36.1626638,-86.7816016
"1444","Boston, MA",42.3600825,-71.0588801
"1445","Minneapolis, MN",44.977753,-93.2650108
"1446","Charlotte, NC",35.2270869,-80.8431267
"1447","Ottawa",45.4215296,-75.6971931
"1448","Tampa, FL",27.950575,-82.4571776
"1449","San Jose, CA",37.3382082,-121.8863286
"1450","Dallas, TX",32.7766642,-96.7969879
"1451","Seattle, WA",47.6062095,-122.3320708
"1452","Anchorage, AK",61.2180556,-149.9002778
"1453","New Jersey",40.0583238,-74.4056612
"1454","Sunrise, FL",26.1669711,-80.256595
"1455","Chicago, IL",41.8781136,-87.6297982
"1456","Denver, CO",39.7392358,-104.990251
"1457","Johannesburg, South Africa",-26.2041028,28.0473051
"1458","La Guajira - Colombia",11.3547743,-72.5204827
"1459","House of Balloons",38.025004,-121.354793
"1460","Atlanta, GA",33.7489954,-84.3879824
"1461","TV Land",41.732399,-80.5747389
"1462","Valley Stream, NY",40.6642699,-73.7084645
"1463","Dallas, Tx",32.7766642,-96.7969879
"1464","Gilbert, AZ (Phoenix area)",33.38266,-111.722725
"1465","Tijuca, Rio de Janeiro",-22.9325728,-43.2410248
"1466","Stillwater, OK",36.1156071,-97.0583681
"1467","Haus of Gaga",19.4121597,-99.1712821
"1468","North Carolina, USA",35.7595731,-79.0192997
"1469","Worldwide ",43.8169837,-79.532157
"1470","Oxford",51.7520209,-1.2577263
"1471","Detroit, MI | Atlanta, GA",33.672252,-84.339681
"1472","London, England",51.5073509,-0.1277583
"1473","Tennis!",40.7195973,-73.8472947
"1474","Rio de Janeiro, Brasil",-22.9068467,-43.1728965
"1475","Hamilton, Ontario",43.2557206,-79.8711024
"1476","Manhattan, NY",40.7830603,-73.9712488
"1477","Charlotte ",35.2270869,-80.8431267
"1478","Burnaby, BC",49.2488091,-122.9805104
"1479","Malaysia",4.210484,101.975766
"1480","Washington, DC",38.9071923,-77.0368707
"1481","Winnipeg",49.895136,-97.1383744
"1482","san diego <U+2708><U+FE0F>texas",32.7338006,-117.1933038
"1483","Seoul, Republic of Korea",37.566535,126.9779692
"1484","COLORADO",39.5500507,-105.7820674
"1485","ip.tx",33.9514847,-98.6686709
"1486","<U+6771><U+4EAC> <U+4E2D><U+592E><U+533A>",35.6706505,139.7718614
"1487","NJ",40.0583238,-74.4056612
"1488","Valparaiso, IN",41.4730948,-87.0611412
"1489","Astroworld",29.6757457,-95.406063
"1490","Los Angeles",34.0522342,-118.2436849
"1491","Atlanta, Georgia",33.7489954,-84.3879824
"1492","O'Brien's Pub",32.8251663,-117.1559486
"1493","Somewhere in Ohio ",40.6603544,-82.5521946
"1494","Colorado, USA",39.5500507,-105.7820674
"1495","IN Da Hood",40.9282832,-98.3590535
"1496","Sugar Land, TX",29.6196787,-95.6349463
"1497","Barcelona",41.3850639,2.1734035
"1498","Minnesota",46.729553,-94.6858998
"1499","Americana, São Paulo",-22.7378203,-47.3337008
"1500","NYC",40.7127837,-74.0059413
"1501","Houston, Texas",29.7604267,-95.3698028
"1502","Texas",31.9685988,-99.9018131
"1503","Massachusetts, USA",42.4072107,-71.3824374
"1504","Waterloo, Ontario",43.4642578,-80.5204096
"1505","North Carolina, USA",35.7595731,-79.0192997
"1506","Champions Gate, FL",28.2616788,-81.6184078
"1507","Guatemala, Centroamérica.",14.6349149,-90.5068824
"1508","UNITED STATES OF AMERICA",37.09024,-95.712891
"1509","México",23.634501,-102.552784
"1510","Here there and everywhere!",40.774716,-74.694929
"1511","New Jersey",40.0583238,-74.4056612
"1512","Murfreesboro, TN",35.8456213,-86.39027
"1513","Australia",-25.274398,133.775136
"1514","Denver, Colo.",39.7392358,-104.990251
"1515","Charlotte, NC",35.2270869,-80.8431267
"1516","Los Angeles, CA",34.0522342,-118.2436849
"1517","Edmonton, AB ",53.544389,-113.4909267
"1518","NYC",40.7127837,-74.0059413
"1519","MA & NH",42.4072107,-71.3824374
"1520","Fairhaven, MA",41.6376043,-70.9036487
"1521","Houston, TX",29.7604267,-95.3698028
"1522","killafornia",37.3070121,-121.8739799
"1523","Lima - Perú",-12.2720956,-76.2710833
"1524","Montería, Córdoba. Colombia.",8.750983,-75.8785348
"1525","Fort Wayne, IN",41.079273,-85.1393513
"1526","Global",34.1140497,-83.9811014
"1527","My Land",21.2786952,-157.8281603
"1528","houston",29.7604267,-95.3698028
"1529","Columbus, OH",39.9611755,-82.9987942
"1530","California, USA",36.778261,-119.4179324
"1531","Alabama Roll Tide",33.6366316,-85.9134107
"1532","Michigan",44.3148443,-85.6023643
"1533","India",20.593684,78.96288
"1534","uk",55.378051,-3.435973
"1535","Baltimore, MD",39.2903848,-76.6121893
"1536","Maule, Chile",-35.5183364,-71.6884912
"1537","Houston, Texas",29.7604267,-95.3698028
"1538","Enochville, NC",35.5298608,-80.6681241
"1539","Doylestown, PA",40.3101063,-75.1298939
"1540","Florida, USA",27.6648274,-81.5157535
"1541","Boston ",42.3600825,-71.0588801
"1542","CA",36.778261,-119.4179324
"1543","hartford, ct",41.7637111,-72.6850932
"1544","New York, New York",40.7127837,-74.0059413
"1545","Chicago, IL",41.8781136,-87.6297982
"1546","Iguape, São Paulo",-24.7097632,-47.5562213
"1547","Illinois, USA",40.6331249,-89.3985283
"1548","San Antonio, Texas",29.4241219,-98.4936282
"1549","Bronx, NY",40.8447819,-73.8648268
"1550","Maine, USA",45.253783,-69.4454689
"1551","New York City",40.7127837,-74.0059413
"1552","Naperville, IL",41.7508391,-88.1535352
"1553","Borvallis",44.5645659,-123.2620435
"1554","Brasil",-14.235004,-51.92528
"1555","From Saint Paul, Minnesota",44.9537029,-93.0899578
"1556","Maine",45.253783,-69.4454689
"1557","New Orleans ",29.9510658,-90.0715323
"1558","Belém, Brasil",-1.4557794,-48.4901968
"1559","Atlanta, GA",33.7489954,-84.3879824
"1560","Georgia, USA",32.1656221,-82.9000751
"1561","Akron, Ohio",41.0814447,-81.5190053
"1562","Melbourne, Australia",-37.813611,144.963056
"1563","Bordeaux",44.837789,-0.57918
"1564","ecuador",-1.831239,-78.183406
"1565","New England ",43.9653889,-70.8226541
"1566","SJDM, Bulacan",14.8205675,121.1022942
"1567","Westfield, MA",42.1250929,-72.749538
"1568","Tierra del Fuego Antártida e I",-54.8075103,-68.3256555
"1569","St Louis, MO",38.6270025,-90.1994042
"1570","LA",34.0522342,-118.2436849
"1571","Anápolis/GO",-16.328546,-48.953403
"1572","Srebrenica - Bósnia",44.1039762,19.2997218
"1573","North Carolina",35.7595731,-79.0192997
"1574","439 East District",38.8961195,-76.9996904
"1575","Texas, USA",31.9685988,-99.9018131
"1576","Milwaukee, WI",43.0389025,-87.9064736
"1577","DC by way of New England",38.8918119,-77.0007455
"1578","Jimboomba, Queensland, Australia ",-27.8298741,153.0174088
"1579","Florida, USA",27.6648274,-81.5157535
"1580","Greater Toronto Area",44.0383744,-79.1999949
"1581","USA",37.09024,-95.712891
"1582","Spring, Texas",30.0799405,-95.4171601
"1583","South Carolina, USA",33.836081,-81.1637245
"1584","DKI Jakarta, Indonesia",-6.1744651,106.822745
"1585","San Francisco · Seattle",47.6053664,-122.3357972
"1586","tri state",39.9062006,-104.9990846
"1587","kitchener, ontario, canada",43.450301,-80.4831917
"1588","Indonesia",-0.789275,113.921327
"1589","Cincinnati, OH",39.1031182,-84.5120196
"1590","Cincinnati, Ohio",39.1031182,-84.5120196
"1591","Wilkes-Barre, PA",41.2459149,-75.8813075
"1592","Henderson State Quarterback",34.12793,-93.0590436
"1593","Bay Ridge, Brooklyn",40.6261638,-74.0329499
"1594","tree hill",34.2257255,-77.9447102
"1595","flexa$",48.8484875,2.3258869
"1596","Tuvalu",-7.4784205,178.679924
"1597","São Paulo, Brasil",-23.5505199,-46.6333094
"1598","Boston, MA",42.3600825,-71.0588801
"1599","Taichung City, Taiwan",24.1477358,120.6736482
"1600","Montana, USA",46.8796822,-110.3625658
"1601","Conway, Ar",35.0886963,-92.4421011
"1602","New York",40.7127837,-74.0059413
"1603","Dayton OH",39.7589478,-84.1916069
"1604","back in the ZA.    ",-34.067862,18.564532
"1605","ayy",31.1320639,35.6427431
"1606","Grosse Pointe Shores, MI",42.4367034,-82.8768586
"1607","Brazil",-14.235004,-51.92528
"1608","Los Angeles, CA",34.0522342,-118.2436849
"1609","Brasil",-14.235004,-51.92528
"1610","Behind You",51.01927,13.64157
"1611","cali",3.4516467,-76.5319854
"1612","Chicago, IL",41.8781136,-87.6297982
"1613","Charlotte ",35.2270869,-80.8431267
"1614","Atlanta, GA",33.7489954,-84.3879824
"1615","Hogwarts",41.6002842,-73.9202391
"1616","Powder Springs, GA",33.8595491,-84.683824
"1617","Illinois, USA",40.6331249,-89.3985283
"1618","Milky Way, Mars",35.3145605,-87.0407081
"1619"," Michael J. Fox ",40.7527648,-73.989662
"1620","Stars Hollow",29.9753592,-95.4101696
"1621","Uniontown, PA",39.900076,-79.7164326
"1622","RJ | 18",39.830604,-102.651286
"1623","Montreal",45.5016889,-73.567256
"1624","HAUS OF GAGA",19.4121597,-99.1712821
"1625","South Houston, TX",29.663008,-95.2354902
"1626","Higginsville, Mo",39.0725121,-93.7171621
"1627","Manaus, Brasil",-3.1190275,-60.0217314
"1628","Bahia, Brasil",-12.579738,-41.7007272
"1629","New York, NY",40.7127837,-74.0059413
"1630","Buffalo",42.8864468,-78.8783689
"1631","Toronto",43.653226,-79.3831843
"1632","Venezuela",6.42375,-66.58973
"1633","Pennsylvania, USA",41.2033216,-77.1945247
"1634","Spring Creek, NV",40.7265927,-115.5858953
"1635","NYC",40.7127837,-74.0059413
"1636","Brasil",-14.235004,-51.92528
"1637","Central NJ",39.9522918,-74.2034468
"1638","City of Angels ",34.0522342,-118.2436849
"1639","Ferraz de Vasconcelos - SP",-23.5289582,-46.3635823
"1640","Saint-Pierre, La Réunion",-21.3222914,55.5025595
"1641","Texas, USA",31.9685988,-99.9018131
"1642","scituate ",42.195929,-70.7258633
"1643","Katy, TX",29.7857853,-95.8243956
"1644","<U+65E5><U+672C>",36.204824,138.252924
"1645","Columbus, OH",39.9611755,-82.9987942
"1646","Kathmandu,Nepal",27.7172453,85.3239605
"1647","418 S Warren ",43.6936494,-85.4806616
"1648","Boston, MA",42.3600825,-71.0588801
"1649","Virginia",37.4315734,-78.6568942
"1650","Peru",-9.189967,-75.015152
"1651","Canby, OR",45.2622655,-122.6921006
"1652","Rio de Janeiro, Brasil",-22.9068467,-43.1728965
"1653","Panorama City, CA",34.227617,-118.442425
"1654","Ypsilanti, Mi",42.2411499,-83.6129939
"1655","Minneapolis, MN",44.977753,-93.2650108
"1656","Boston, Ma",42.3600825,-71.0588801
"1657","Where Starrs Heart Is ",36.3216172,-95.6053679
"1658","Cypress, TX",29.9716905,-95.6937856
"1659","Carolina, Puerto Rico",18.3803255,-65.9626213
"1660","Chicago",41.8781136,-87.6297982
"1661","Tamaulipas, México",24.26694,-98.8362755
"1662","Boston's North Shore",42.427081,-70.9837369
"1663","atlanta",33.7489954,-84.3879824
"1664","Freehold, NJ",40.2136754,-74.3000878
"1665","Oxford, MS",34.3664951,-89.5192484
"1666","Minneapolis, MN",44.977753,-93.2650108
"1667","Phoenix, AZ/ Tempe, AZ",33.406366,-111.962409
"1668","beverly kills",48.1312148,11.5683944
"1669","Kansas City, Missouri",39.0997265,-94.5785667
"1670","Texas, USA",31.9685988,-99.9018131
"1671","Clearwater,Port Richey,Tampa",28.2721895,-82.7256975
"1672","Cape Cod",41.6687897,-70.2962408
"1673","Las Vegas, NV",36.1699412,-115.1398296
"1674","Mississauga, Ontario",43.5890452,-79.6441198
"1675","British Virgin Islands",18.420695,-64.639968
"1676","Corpo em sc, mente em sp",-23.4644412,-46.5999229
"1677","ATL",33.7489954,-84.3879824
"1678","London, England",51.5073509,-0.1277583
"1679","Agrabah",28.4187123,-81.5834428
"1680","London",51.5073509,-0.1277583
"1681","Georgia, USA",32.1656221,-82.9000751
"1682","Boston, MA",42.3600825,-71.0588801
"1683","Boston",42.3600825,-71.0588801
"1684","Global",34.1140497,-83.9811014
"1685","Miami,FL",25.7616798,-80.1917902
"1686","Belo Horizonte, Brasil",-19.9166813,-43.9344931
"1687","Barranquilla, Colombia",11.0041072,-74.8069813
"1688","TOKYO",35.6894875,139.6917064
"1689","Leicester, England",52.6368778,-1.1397592
"1690","Minnesota, USA",46.729553,-94.6858998
"1691","South Florida",27.6648274,-81.5157535
"1692","Tucumán, Argentina",-26.8082848,-65.2175903
"1693","Maryland, USA",39.0457549,-76.6412712
"1694","Boston, MA",42.3600825,-71.0588801
"1695","St. Paul, Minn.",44.9537029,-93.0899578
"1696","Canada",56.130366,-106.346771
"1697","Estado De México",19.4968732,-99.7232673
"1698","Minneapolis",44.977753,-93.2650108
"1699","Miami, FL",25.7616798,-80.1917902
"1700","Queens, NY",40.7282239,-73.7948516
"1701","Austin, Texas",30.267153,-97.7430608
"1702","St. Paul, MN",44.9537029,-93.0899578
"1703","Curitiba, Brasil",-25.4289541,-49.267137
"1704","Minneapolis",44.977753,-93.2650108
"1705","CC1",42.4135212,-76.5009253
"1706","Columbus, OH
",39.9611755,-82.9987942
"1707","Everywhere",33.7589188,-84.3640829
"1708","Groves, TX",29.9482695,-93.9171155
"1709","Minnesota, USA",46.729553,-94.6858998
"1710","Los Angeles",34.0522342,-118.2436849
"1711","Florida",27.6648274,-81.5157535
"1712","Queretaro",20.5887932,-100.3898881
"1713","Maryland, USA",39.0457549,-76.6412712
"1714","Salt Lake City, UT",40.7607793,-111.8910474
"1715","Rome, GA",34.257038,-85.1646726
"1716","Wales, UK",52.1306607,-3.7837117
"1717","Twin Cities, MN",44.9374831,-93.2009998
"1718","michigan",44.3148443,-85.6023643
"1719","Rochester, NY",43.16103,-77.6109219
"1720","84",26.1401767,-80.422191
"1721","University of Minnesota ",44.97399,-93.2277285
"1722","New Jersey, USA ",40.0583238,-74.4056612
"1723","West Yorkshire (UK)",53.8108176,-1.76261
"1724","north myrtle beach ccu",33.7949658,-79.01173
"1725","Ciudad de México",19.4326077,-99.133208
"1726","Oakwood, GA",34.227602,-83.8843455
"1727","Boston, MA",42.3600825,-71.0588801
"1728","Chicagoland",41.7435073,-88.0118473
"1729","United States",37.09024,-95.712891
"1730","Mobile, AL",30.6953657,-88.0398912
"1731","Wakefield, MA",42.5039395,-71.0723391
"1732","riverside",33.9533487,-117.3961564
"1733","Foxborough, MA",42.0653812,-71.2478251
"1734","905",32.566074,-117.0096078
"1735","Indianapolis, IN",39.768403,-86.158068
"1736","Massachusetts, USA",42.4072107,-71.3824374
"1737","United States",37.09024,-95.712891
"1738","Twin Cities, Minnesota",44.9374831,-93.2009998
"1739","Nashville, TN",36.1626638,-86.7816016
"1740","New York, NY",40.7127837,-74.0059413
"1741","Jersey",49.214439,-2.13125
"1742","Fairfield, CT",41.1408363,-73.2612615
"1743","United States",37.09024,-95.712891
"1744","Syracuse, NY",43.0481221,-76.1474244
"1745","United States",37.09024,-95.712891
"1746","Sydney (via Bris) Australia",-37.710161,144.961275
"1747","New Mexico, USA",34.5199402,-105.8700901
"1748","GA",32.1656221,-82.9000751
"1749","SP",-23.5431786,-46.6291845
"1750","New York, NY",40.7127837,-74.0059413
"1751","Miami, FL.",25.7616798,-80.1917902
"1752","htx",40.8212188,-73.2519376
"1753","Athens & College Park, GA",37.9838096,23.7275388
"1754","Canada, Red Deer ",52.2681118,-113.8112386
"1755","maceió",-9.6498487,-35.7089492
"1756","gotham city",40.7127837,-74.0059413
"1757","USA",37.09024,-95.712891
"1758","NJ, USA",40.0583238,-74.4056612
"1759","Jacksonville, Florida ",30.3321838,-81.655651
"1760","Denver, Co.",39.7392358,-104.990251
"1761","Gardiner, Maine",44.2300698,-69.7753222
"1762","Jersey bred ",40.2949331,-74.033118
"1763","Atlanta, GA",33.7489954,-84.3879824
"1764","Massachusetts, USA",42.4072107,-71.3824374
"1765","Canada",56.130366,-106.346771
"1766","München, Bayern",48.1351253,11.5819806
"1767","Chile | sc:ioopshilarry",-33.4273924,-70.6170817
"1768","Las Vegas, NV",36.1699412,-115.1398296
"1769","NW London",51.5073509,-0.1277583
"1770","757 all day VA",37.26843,-79.9555784
"1771","Halifax, Nova Scotia",44.6487635,-63.5752387
"1772","mount airy , north georgia usa",34.5187106,-83.5007265
"1773","Ward No. 6",28.6661179,-97.4148961
"1774","California, USA",36.778261,-119.4179324
"1775","Colombia",4.570868,-74.297333
"1776","Mumbai, India",19.0759837,72.8776559
"1777","Middletown,CT",41.5623209,-72.6506488
"1778","Twitter",37.7767964,-122.4166041
"1779","Pompano Beach, FL",26.2378597,-80.1247667
"1780","Philippines",12.879721,121.774017
"1781","Boston, MA",42.3600825,-71.0588801
"1782","Hawaii, USA",19.8967662,-155.5827818
"1783","Germany ",51.165691,10.451526
"1784","Sydney, New South Wales",-33.8688197,151.2092955
"1785","The White House",38.8976763,-77.0365298
"1786","Baker St, 221B",51.5237737,-0.1585369
"1787","Ironton Ohio",38.5367471,-82.6829406
"1788","Safe Place",38.2100639,-85.7508543
"1789","Columbus, OH",39.9611755,-82.9987942
"1790","Rockland",42.1306563,-70.9161551
"1791","Garden Grove
",33.7739053,-117.9414477
"1792","Turlock, Central Valley, CA",37.4969293,-120.8434283
"1793","Montréal, Québec",45.5016889,-73.567256
"1794","Guayaquil, Ecuador",-2.1709979,-79.9223592
"1795","Brazil,Filipinas...",14.4845166,121.0365076
"1796","Bogor Kelapa Nunggal",-6.4468869,106.9440326
"1797","Milton, MA",42.2495321,-71.0661653
"1798","Baton Rouge",30.4582829,-91.1403196
"1799","New York, NY",40.7127837,-74.0059413
"1800","everywhere",33.7589188,-84.3640829
"1801","st.johns ",40.7215967,-73.7946899
"1802","Glasgow, Scotland",55.864237,-4.251806
"1803","São Paulo, Brazil",-23.5505199,-46.6333094
"1804","Florida, USA",27.6648274,-81.5157535
"1805","Assis Chateaubriand, Brasil",-24.4066881,-53.5142422
"1806","Madison, Wisconsin",43.0730517,-89.4012302
"1807","United States",37.09024,-95.712891
"1808","São Paulo, Brasil",-23.5505199,-46.6333094
"1809","Serra do Rio",-28.407222,-49.546111
"1810","Indaiatuba, São Paulo",-23.0886496,-47.2089525
"1811","Atlantic City, NJ",39.3642834,-74.4229266
"1812","Tucuman - Argentina",-26.8082848,-65.2175903
"1813","Australia",-25.274398,133.775136
"1814","Dublin Ireland  NewYork ",40.6413111,-73.7781391
"1815","Montgomery, TX",30.3882613,-95.6963355
"1816","Dublin Ireland New York",53.3495587,-6.2436891
"1817","Dallas, TX",32.7766642,-96.7969879
"1818","Indonesia",-0.789275,113.921327
"1819","Palmdale, CA",34.5794343,-118.1164613
"1820","443/Enemy territory",43.9888339,-90.5197148
"1821","Gwinnett",33.9190653,-84.0167423
"1822","Canada",56.130366,-106.346771
"1823","Los Angeles / Disneyland ",33.8120918,-117.9189742
"1824","Bangalore",12.9715987,77.5945627
"1825","America",37.09024,-95.712891
"1826","Los Angeles, CA",34.0522342,-118.2436849
"1827","Philadelphia, PA",39.9525839,-75.1652215
"1828","ÜT: 10.498023,-66.851165",41.0364451,-111.6775872
"1829","Talk geeky to me",49.6967776,-112.8243335
"1830","Mongolia",46.862496,103.846656
"1831","Brasil",-14.235004,-51.92528
"1832","arg",38.927775,-77.216339
"1833","Montréal",45.5016889,-73.567256
"1834","Internet",33.4926777,-112.1221652
"1835","012",33.8621962,-105.9596358
"1836","Berlin",52.5200066,13.404954
"1837","Ecuador",-1.831239,-78.183406
"1838","Kyiv, London",50.4119842,30.4432539
"1839","New York, USA",40.7127837,-74.0059413
"1840","Toronto, Ontario",43.653226,-79.3831843
"1841","Worldwide (Sydney, Australia)",-33.86799,151.204868
"1842","Isle of Man",54.236107,-4.548056
"1843","Brasil",-14.235004,-51.92528
"1844","Itapecerica da Serra, Brasil",-23.7166271,-46.8576421
"1845","PH",12.879721,121.774017
"1846","Phoenix, AZ",33.4483771,-112.0740373
"1847","In the clouds.",43.733949,-71.323961
"1848","your window",42.4876215,-83.1463699
"1849","New Orleans<U+2708>Japan",29.9922012,-90.2590112
"1850","Maine",45.253783,-69.4454689
"1851","NY/NJ",40.7127837,-74.0059413
"1852","Memphis",35.1495343,-90.0489801
"1853","Rio de Janeiro, Brasil",-22.9068467,-43.1728965
"1854","CFL -NFL- AFL",45.4559071,-73.6196451
"1855","São Paulo, Brasil",-23.5505199,-46.6333094
"1856","Tangerang, Indonesia",-6.2023936,106.6527099
"1857","KTX",33.7541215,-84.4918471
"1858","Southern Illinois",37.7136372,-89.2179628
"1859","São Paulo, Brasil",-23.5505199,-46.6333094
"1860","Vancouver, BC",49.2827291,-123.1207375
"1861","Starbucks",47.613957,-122.32818
"1862","Somewhere in America...",39.731067,-84.028839
"1863","Mansoura,El Daqahlia, Egypt",31.0409483,31.3784704
"1864","Cleveland, OH",41.49932,-81.6943605
"1865","OC//CA",33.7174708,-117.8311428
"1866","Anytown, USA",44.0878764,-87.6595231
"1867","A Mississippi River Boat",42.4954815,-90.6565839
"1868","The Pool Store, Inc.",45.1538407,-93.2363076
"1869","London/New York/Sydney",40.6413111,-73.7781391
"1870","Walla Walla, WA",46.0645809,-118.3430209
"1871","pb",-7.2399609,-36.7819505
"1872","TN /FL",28.0107088,-82.4354028
"1873","Greer, SC",34.9387279,-82.2270568
"1874","Not West GA",33.000298,-85.046327
"1875","Charlestown, Mass..",42.3782065,-71.0602131
"1876","Harlingen, TX <U+2708><U+FE0F>San Antonio,tx",26.2239796,-97.6618154
"1877","Miami, FL",25.7616798,-80.1917902
"1878","Toronto",43.653226,-79.3831843
"1879","Rio de Janeiro",-22.9068467,-43.1728965
"1880","Santa Catarina, Brasil",-27.2423392,-50.2188556
"1881","Bad Gastein, Austria",47.1140887,13.132661
"1882","Canada",56.130366,-106.346771
"1883","Des Moines, IA",41.6005448,-93.6091064
"1884","Medellín, Colombia",6.244203,-75.5812119
"1885","New York City",40.7127837,-74.0059413
"1886","New York, NY",40.7127837,-74.0059413
"1887","New York, USA",40.7127837,-74.0059413
"1888","Minneapolis, MN",44.977753,-93.2650108
"1889","Philadelphia, PA",39.9525839,-75.1652215
"1890","IU Bloomington ",39.1766135,-86.5130173
"1891","Rio de Janeiro",-22.9068467,-43.1728965
"1892","Chicagoland",41.7435073,-88.0118473
"1893","Rio de Janeiro, Brasil",-22.9068467,-43.1728965
"1894","Lady Gaga",28.440958,-81.41945
"1895","<U+0E25><U+0E32><U+0E14><U+0E01><U+0E23><U+0E30><U+0E1A><U+0E31><U+0E07>, <U+0E01><U+0E23><U+0E38><U+0E07><U+0E40><U+0E17><U+0E1E><U+0E21><U+0E2B><U+0E32><U+0E19><U+0E04><U+0E23>",13.7233786,100.7838827
"1896","Texas, USA",31.9685988,-99.9018131
"1897","United States",37.09024,-95.712891
"1898","São Paulo, Brasil",-23.5505199,-46.6333094
"1899","Apple Valley, MN",44.7319094,-93.21772
"1900","schenectady new york",42.8142432,-73.9395687
"1901","Houston, TX",29.7604267,-95.3698028
"1902","Dripping Springs, Texas",30.1902067,-98.0866781
"1903","Texas",31.9685988,-99.9018131
"1904","Dallas, TX",32.7766642,-96.7969879
"1905","Miami, FL",25.7616798,-80.1917902
"1906","Austin, TX",30.267153,-97.7430608
"1907","Milwaukee #MKE",43.0389025,-87.9064736
"1908","brazil",-14.235004,-51.92528
"1909","U.S.A",37.09024,-95.712891
"1910","Brasil",-14.235004,-51.92528
"1911","Lima, Peru",-12.2720956,-76.2710833
"1912","Detroit vs Everybody",42.334167,-83.0432783
"1913","Florida",27.6648274,-81.5157535
"1914","Edge Hill, Cairns",-16.9007276,145.738391
"1915","South Carolina, USA ",33.836081,-81.1637245
"1916","Ohio, USA",40.4172871,-82.907123
"1917","Ouro Preto, MG",-20.3804396,-43.5124041
"1918","Atlanta, GA",33.7489954,-84.3879824
"1919","Manhattan, NY",40.7830603,-73.9712488
"1920","rip charly",53.4292109,-2.9671664
"1921","Southeastern USA",40.0707887,-75.4268251
"1922","<U+0420><U+043E><U+0441><U+0441><U+0438><U+044F>",61.52401,105.318756
"1923","Mansfield",32.5631924,-97.1416768
"1924","Central Oregon",42.1857745,-122.695808
"1925","Midland, TX",31.9973456,-102.0779146
"1926","Chicago, IL",41.8781136,-87.6297982
"1927","Venus",32.4334742,-97.1025077
"1928","New York",40.7127837,-74.0059413
"1929","Australia",-25.274398,133.775136
"1930","Houston, TX (splashtown)",30.0700573,-95.4325287
"1931","United States",37.09024,-95.712891
"1932","Pueblo, Colorado USA",38.2544472,-104.6091409
"1933","Bellevue WA",47.6101497,-122.2015159
"1934","Fortaleza - Brasil",-3.7318616,-38.5266704
"1935","Boston, MA",42.3600825,-71.0588801
"1936","Boston, MA",42.3600825,-71.0588801
"1937","4700 Feet",40.5209256,-105.1712045
"1938","Baton Rouge ",30.4582829,-91.1403196
"1939","Brooklyn, NY ",40.6781784,-73.9441579
"1940","Pineville ",35.0832014,-80.8922957
"1941","White Bear Lake, MN, USA",45.0853814,-93.0081479
"1942","Buckeye Nation",31.3517886,-92.1946014
"1943","North Carolina, USA",35.7595731,-79.0192997
"1944","Mumbai,India",19.0759837,72.8776559
"1945","District Madou, Tainan, Taiwan",23.1763401,120.2397336
"1946","Houston, TX",29.7604267,-95.3698028
"1947","Chicago",41.8781136,-87.6297982
"1948","Albany,NY",42.6525793,-73.7562317
"1949","New Jersey",40.0583238,-74.4056612
"1950","Dublin, Ireland",53.3498053,-6.2603097
"1951","Norman, OK",35.2225668,-97.4394777
"1952","Barnwell, SC",33.2448733,-81.3587177
"1953","Grenada, MS",33.7690049,-89.8084192
"1954","Texas, USA",31.9685988,-99.9018131
"1955","Dayton, Ohio",39.7589478,-84.1916069
"1956","Minneapolis, mn ",44.977753,-93.2650108
"1957","Natal",-28.5305539,30.8958242
"1958","NYC",40.7127837,-74.0059413
"1959","New Jersey",40.0583238,-74.4056612
"1960","Kansas City, MO",39.0997265,-94.5785667
"1961","Mexico ",23.634501,-102.552784
"1962","Up 1D",39.178547,-120.862123
"1963","Twitter.com",37.7767964,-122.4166041
"1964","Dallas, TX",32.7766642,-96.7969879
"1965","Chicago, IL",41.8781136,-87.6297982
"1966","the atl",33.7489954,-84.3879824
"1967","Brasil",-14.235004,-51.92528
"1968","United States",37.09024,-95.712891
"1969","Traveling The World",38.5777672,-90.2731783
"1970","Boston, MA",42.3600825,-71.0588801
"1971","wi /// lex",44.5766804,-88.0627493
"1972","Allianz Parque",-23.5275868,-46.6784688
"1973","futbol club barcelona ",41.3802722,2.1207638
"1974","Brasil",-14.235004,-51.92528
"1975","Morgantown",39.629526,-79.9558968
"1976","midwest",43.4113604,-106.2800242
"1977","San Antonio, TX",29.4241219,-98.4936282
"1978","PUC | PHG",38.5698777,-122.4394834
"1979","Division No. 13, Saskatchewan",51.972331,-109.2704383
"1980","Scotland",56.4906712,-4.2026458
"1981","Northern Virginia",37.2232316,-81.4498717
"1982","Brant, Ontario",43.152667,-80.171591
"1983","United States",37.09024,-95.712891
"1984","United States",37.09024,-95.712891
"1985","N.W. Atlanta",33.7489954,-84.3879824
"1986","Philly/NJ",39.9525839,-75.1652215
"1987","Inner Sunset, San Francisco ",37.7607369,-122.4679536
"1988","Virginia Beach, VA",36.8529263,-75.977985
"1989","Fenway",42.3428653,-71.1002881
"1990","United States",37.09024,-95.712891
"1991","Chicago, IL",41.8781136,-87.6297982
"1992","United States",37.09024,-95.712891
"1993","Cebu City,Philippines",10.3156992,123.8854366
"1994","Boston, MA",42.3600825,-71.0588801
"1995","Mansfield, Ohio",40.75839,-82.5154471
"1996","Bucyrus, Ohio",40.8083909,-82.9754649
"1997","Marion, Ohio",40.5886699,-83.1285242
"1998","Zanesville, Ohio",39.9403453,-82.0131924
"1999","Chillicothe, Ohio",39.3331197,-82.9824019
"2000","Sandusky County, Ohio",41.3559092,-83.1220074
"2001","Lancaster, Ohio",39.7136754,-82.5993294
"2002","Ottawa County, Ohio",41.6268435,-82.9931607
"2003","Newark, Ohio",40.0581205,-82.4012642
"2004","Coshocton, Ohio",40.2720151,-81.8595756
"2005","Nanaimo, British Columbia",49.1658836,-123.9400647
"2006","Fort Worth, TX",32.7554883,-97.3307658
"2007","Everywhere",33.7589188,-84.3640829
"2008","Barnstable Town, MA",41.7003208,-70.3002024
"2009","Illinois",40.6331249,-89.3985283
"2010","norwalk, ct",41.117744,-73.4081575
"2011","USA",37.09024,-95.712891
"2012","St. Louis, MO",38.6270025,-90.1994042
"2013","Buenos Aires, Argentina.",-34.6036844,-58.3815591
"2014","Cancún - México",21.161908,-86.8515279
"2015","Quintana Roo",19.1817393,-88.4791376
"2016","DMV",43.0405846,-87.9196785
"2017","Pittsburgh, Pa",40.4406248,-79.9958864
"2018","venezuela-zulia",9.967492,-72.5204827
"2019","Australia",-25.274398,133.775136
"2020","Massachusetts",42.4072107,-71.3824374
"2021","Lima - Perú",-12.2720956,-76.2710833
"2022","Sorocaba - SP",-23.5015338,-47.4525944
"2023","North Carolina, USA",35.7595731,-79.0192997
"2024","Brampton, ON Canada",43.7315479,-79.7624177
"2025","Clackamas, OR",45.4076205,-122.5703692
"2026","everywhere ",33.7589188,-84.3640829
"2027","Daleville, AL",31.3101719,-85.7129908
"2028","Houston, TX",29.7604267,-95.3698028
"2029","Bangkok Thailand",13.7563309,100.5017651
"2030","Florida",27.6648274,-81.5157535
"2031","MI",44.3148443,-85.6023643
"2032","Rockport, TX",28.0205733,-97.0544341
"2033","São Paulo, Brasil",-23.5505199,-46.6333094
"2034","LA",34.0522342,-118.2436849
"2035","Laranjeiras, Rio de Janeiro",-22.9332067,-43.18473
"2036","Apopka ",28.6934076,-81.5322149
"2037","Odessa, Tx",31.8456816,-102.3676431
"2038","MD",39.0457549,-76.6412712
"2039","Gulfport, MS",30.3674198,-89.0928155
"2040","Houston",29.7604267,-95.3698028
"2041","Elsipogtog NB, Canada ",46.585532,-64.985716
"2042","Pittsburgh, PA",40.4406248,-79.9958864
"2043","Manhattan, NY",40.7830603,-73.9712488
"2044","New Rochelle, NY",40.9114882,-73.7823549
"2045","New Rochelle, NY",40.9114882,-73.7823549
"2046","Santa Maria, Brasil",-29.68725,-53.8154499
"2047","East Lansing, MI",42.7369792,-84.4838654
"2048","U S A",37.09024,-95.712891
"2049","Honolulu via Cleveland",21.293025,-157.8397635
"2050","Buenos Aires, Argentina",-34.6036844,-58.3815591
"2051","new york, new york",40.7127837,-74.0059413
"2052","i am who i am",40.7245517,-73.9969495
"2053","LA | NYC | KC | Kenya | Belize",40.7136231,-74.0044432
"2054","Oklahoma City, OK",35.4675602,-97.5164276
"2055","Maricá, Rio de Janeiro",-22.9160994,-42.819192
"2056","kelapa dua ,serang banten ",-6.1023226,106.1471278
"2057","united streets of atlanta",33.8412933,-84.5238215
"2058","Western Canada ",51.037739,-114.07655
"2059","toronto",43.653226,-79.3831843
"2060","Boston, Ma",42.3600825,-71.0588801
"2061","North East, England",52.3555177,-1.1743197
"2062","Oaxaca, México ",17.0542297,-96.7132304
"2063","Mex",19.4968732,-99.7232673
"2064","México",23.634501,-102.552784
"2065","Areiópolis, Brasil",-22.6676982,-48.6685125
"2066","Utah, USA",39.3209801,-111.0937311
"2067","Gaithersburg, MD",39.1434406,-77.2013705
"2068","Melbourne",-37.813611,144.963056
"2069","Los Angeles, CA",34.0522342,-118.2436849
"2070","Atlanta, GA",33.7489954,-84.3879824
"2071","Ohio, USA",40.4172871,-82.907123
"2072","Recife, Brasil",-8.0578381,-34.8828969
"2073","Memorial Stadium",40.820682,-96.705594
"2074","Shelby, MI",43.6086194,-86.3639633
"2075","Kent, WA",47.3809335,-122.2348431
"2076","São Paulo, Brasil",-23.5505199,-46.6333094
"2077","Rio de Janeiro, Brasil",-22.9068467,-43.1728965
"2078","Houma, LA",29.5957696,-90.7195348
"2079","Izmir, Türkiye",38.423734,27.142826
"2080","New York City",40.7127837,-74.0059413
"2081","United States",37.09024,-95.712891
"2082","San Francisco",37.7749295,-122.4194155
"2083","moulin rouge",48.8841232,2.3322519
"2084","Jennings<U+2708><U+FE0F>Lafayette,Louisiana ",30.209252,-91.995341
"2085","Dallas | Toronto | Worldwide ",43.6777176,-79.6248197
"2086","Kinston, NC",35.2626635,-77.5816353
"2087","Lima, OH",40.742551,-84.1052256
"2088","Las Vegas, NV",36.1699412,-115.1398296
"2089","Paris, France",48.856614,2.3522219
"2090","Coronado, California",32.6858853,-117.1830891
"2091","North Saint Paul, MN",45.0124657,-92.9918828
"2092","Arizona Alum",32.2364837,-110.9486611
"2093","NY ",40.7127837,-74.0059413
"2094","Columbia",34.0007104,-81.0348144
"2095","Virginia, USA",37.4315734,-78.6568942
"2096","Oklahoma City",35.4675602,-97.5164276
"2097","Natal, Brasil",-5.7792569,-35.200916
"2098","Porto Alegre/Canoas/Sapucaia",-29.8339626,-51.1396301
"2099","Atlanta, GA",33.7489954,-84.3879824
"2100","squad Recife",-8.0897762,-34.9296938
"2101","Arizona, USA",34.0489281,-111.0937311
"2102","Vancouver, BC",49.2827291,-123.1207375
"2103","Texas",31.9685988,-99.9018131
"2104","Garden City, NY",40.7267682,-73.6342954
"2105","Phoenix, Arizona",33.4483771,-112.0740373
"2106","United States",37.09024,-95.712891
"2107","bayern münchen ",48.1351253,11.5819806
"2108","Branford, CT",41.2799027,-72.8141185
"2109","Swedesboro, NJ",39.7476136,-75.3104654
"2110","Arlington, Va",38.8799697,-77.1067698
"2111","Billerica, MA",42.5584218,-71.2689461
"2112","Tucson.",32.2217429,-110.926479
"2113","Cumming, GA",34.2073196,-84.1401926
"2114","London",51.5073509,-0.1277583
"2115","Atlanta, Georgia",33.7489954,-84.3879824
"2116","Derby Gurl",38.590638,-121.481278
"2117","Brasil",-14.235004,-51.92528
"2118","little monster",38.6142741,-90.3143576
"2119","Seremban",2.725889,101.9378239
"2120","Flavortown, USA",40.4232084,-74.2090794
