"","lat","long","x"
"1",53.7266683,-127.6476206,1
"2",46.8877373,-124.1104234,1
"3",49.1658836,-123.9400647,1
"4",43.487633,-123.486364,1
"5",44.5645659,-123.2620435,2
"6",49.2827291,-123.1207375,6
"7",49.2849885,-123.1107973,1
"8",44.0520691,-123.0867536,1
"9",49.2542353,-123.067559,1
"10",49.2488091,-122.9805104,1
"11",38.440429,-122.7140548,1
"12",42.1857745,-122.695808,1
"13",45.2622655,-122.6921006,1
"14",45.5230622,-122.6764816,1
"15",45.5897694,-122.5950942,1
"16",45.4076205,-122.5703692,1
"17",37.7607369,-122.4679536,1
"18",38.5698777,-122.4394834,1
"19",37.7618428,-122.4353514,1
"20",37.7636866,-122.4290335,1
"21",37.76686,-122.4219175,1
"22",37.7749295,-122.4194155,8
"23",37.7767964,-122.4166041,2
"24",37.7849105,-122.4082053,1
"25",37.7972621,-122.407124,1
"26",47.6053664,-122.3357972,1
"27",47.6062095,-122.3320708,8
"28",47.613957,-122.32818,1
"29",37.5629917,-122.3255254,1
"30",37.8271784,-122.2913078,2
"31",37.8715926,-122.272747,1
"32",37.8043637,-122.2711137,4
"33",38.1040864,-122.2566367,1
"34",47.3809335,-122.2348431,1
"35",47.6101497,-122.2015159,2
"36",37.4200507,-122.1750657,1
"37",37.4845809,-122.1479209,1
"38",48.1987118,-122.1251418,1
"39",37.9100783,-122.0651819,1
"40",37.387474,-122.0575434,1
"41",37.8215929,-121.9999606,1
"42",37.729808,-121.932387,1
"43",36.5552386,-121.9232879,1
"44",37.3382082,-121.8863286,2
"45",37.3351874,-121.8810715,1
"46",37.3070121,-121.8739799,1
"47",36.6149217,-121.822098,1
"48",39.7596061,-121.6219177,2
"49",38.590638,-121.481278,1
"50",38.025004,-121.354793,1
"51",37.9577016,-121.2907796,1
"52",38.7521235,-121.2880059,1
"53",38.7907339,-121.2357828,1
"54",38.8375215,-120.8958242,1
"55",39.178547,-120.862123,1
"56",37.4040942,-120.8504738,1
"57",37.4969293,-120.8434283,1
"58",47.7510741,-120.7401386,1
"59",43.8041334,-120.5542012,2
"60",37.3021632,-120.4829677,1
"61",38.939926,-119.9771868,1
"62",36.7468422,-119.7725868,2
"63",49.8879519,-119.4960106,1
"64",36.778261,-119.4179324,13
"65",46.216508,-119.2182003,1
"66",34.1975048,-119.1770516,1
"67",34.2163937,-119.0376023,1
"68",35.3732921,-119.0187125,2
"69",34.456151,-118.5713823,1
"70",33.956131,-118.4488017,1
"71",34.227617,-118.442425,1
"72",33.3878856,-118.4163103,1
"73",34.0736204,-118.4003563,1
"74",34.0745721,-118.3437757,1
"75",46.0645809,-118.3430209,1
"76",33.9891116,-118.2914872,1
"77",34.0483215,-118.2548493,1
"78",34.0522342,-118.2436849,34
"79",34.073873,-118.2407774,1
"80",34.0611917,-118.2406445,1
"81",34.1129866,-118.2108671,1
"82",33.7700504,-118.1937395,1
"83",34.2010138,-118.1884403,1
"84",34.5794343,-118.1164613,1
"85",34.1397292,-118.0353449,1
"86",33.660297,-117.9992265,1
"87",33.7739053,-117.9414477,1
"88",33.8703596,-117.9242966,1
"89",33.8120918,-117.9189742,1
"90",33.6411316,-117.9186689,1
"91",33.8352932,-117.9145036,3
"92",33.9761238,-117.9053395,1
"93",34.129133,-117.881629,1
"94",33.7174708,-117.8311428,2
"95",34.055103,-117.7499909,1
"96",34.0967758,-117.718071,1
"97",34.0775104,-117.6897776,1
"98",33.9105678,-117.4711384,1
"99",33.9533487,-117.3961564,2
"100",34.1083449,-117.2897652,1
"101",34.1283442,-117.2086513,1
"102",32.7338006,-117.1933038,1
"103",32.6858853,-117.1830891,1
"104",32.715738,-117.1610838,7
"105",32.8251663,-117.1559486,1
"106",32.8385274,-117.1348354,1
"107",32.5149469,-117.0382471,1
"108",32.566074,-117.0096078,2
"109",47.67648,-116.796398,1
"110",34.9592083,-116.419389,2
"111",33.7222445,-116.3744556,1
"112",43.6187102,-116.2146068,1
"113",40.7265927,-115.5858953,1
"114",32.6142817,-115.4726125,1
"115",36.0971945,-115.1466648,1
"116",36.1699412,-115.1398296,6
"117",36.1611747,-115.1219028,1
"118",36.023617,-115.0962998,2
"119",36.0395247,-114.9817213,1
"120",51.037739,-114.07655,1
"121",51.0486151,-114.0708459,1
"122",51.1250608,-114.0168895,1
"123",52.2681118,-113.8112386,1
"124",37.3387742,-113.6932229,1
"125",53.6304753,-113.625642,2
"126",37.0965278,-113.5684164,1
"127",53.544389,-113.4909267,2
"128",49.6967776,-112.8243335,1
"129",33.4926777,-112.1221652,2
"130",33.4483771,-112.0740373,5
"131",40.6916132,-112.0010501,1
"132",40.619161,-111.980204,1
"133",33.406366,-111.962409,1
"134",40.7607793,-111.8910474,4
"135",33.38266,-111.722725,1
"136",41.0364451,-111.6775872,1
"137",34.0489281,-111.0937311,4
"138",39.3209801,-111.0937311,3
"139",32.2364837,-110.9486611,1
"140",32.2217429,-110.926479,3
"141",46.8796822,-110.3625658,1
"142",53.284459,-109.978899,1
"143",32.2807454,-109.3567638,1
"144",51.972331,-109.2704383,1
"145",43.0759678,-107.2902839,1
"146",47.320834,-106.9100663,1
"147",52.1332144,-106.6700458,1
"148",35.0853336,-106.6055534,2
"149",31.7618778,-106.4850217,1
"150",39.6402638,-106.3741955,1
"151",56.130366,-106.346771,9
"152",43.4113604,-106.2800242,1
"153",28.6329957,-106.0691004,1
"154",33.8621962,-105.9596358,1
"155",35.6869752,-105.937799,1
"156",34.5199402,-105.8700901,2
"157",39.5500507,-105.7820674,5
"158",40.5209256,-105.1712045,1
"159",40.5381788,-105.102121,1
"160",39.613321,-105.0166498,1
"161",39.9062006,-104.9990846,1
"162",39.7392358,-104.990251,14
"163",39.6676033,-104.9395637,1
"164",38.8354621,-104.8229839,1
"165",38.8338816,-104.8213634,2
"166",39.584116,-104.8071182,1
"167",38.919519,-104.790155,1
"168",38.2544472,-104.6091409,1
"169",32.400126,-104.195846,1
"170",37.5948981,-104.0344383,1
"171",20.6596988,-103.3496092,1
"172",39.830604,-102.651286,1
"173",23.634501,-102.552784,11
"174",34.2331373,-102.4107493,2
"175",31.8456816,-102.3676431,2
"176",43.8553804,-102.3396912,3
"177",21.8852562,-102.2915677,1
"178",31.9973456,-102.0779146,2
"179",33.5059189,-102.0090575,1
"180",33.5778631,-101.8551665,4
"181",21.0161379,-101.2530544,1
"182",47.5514926,-101.0020119,1
"183",31.3839017,-100.439656,1
"184",20.5887932,-100.3898881,2
"185",25.6866142,-100.3161126,2
"186",31.9685988,-99.9018131,26
"187",41.4925374,-99.9018131,2
"188",27.5759792,-99.4672613,1
"189",30.0945305,-99.456155,1
"190",24.26694,-98.8362755,1
"191",33.9514847,-98.6686709,1
"192",29.5830244,-98.6207675,1
"193",29.4241219,-98.4936282,9
"194",39.011902,-98.4842465,3
"195",29.4448816,-98.4816846,1
"196",29.3620342,-98.4784533,1
"197",40.9282832,-98.3590535,1
"198",29.7030024,-98.1244531,1
"199",37.6458491,-98.1136734,1
"200",30.1902067,-98.0866781,1
"201",29.8832749,-97.9413941,3
"202",26.162872,-97.887797,1
"203",30.267153,-97.7430608,7
"204",30.3312641,-97.7398454,1
"205",30.2849185,-97.7340567,1
"206",31.1171194,-97.7277959,1
"207",34.3292549,-97.6811407,1
"208",26.2239796,-97.6618154,1
"209",31.7889901,-97.5804767,1
"210",35.4675602,-97.5164276,4
"211",35.6494514,-97.4413392,1
"212",35.2225668,-97.4394777,2
"213",32.7400335,-97.4356492,1
"214",28.6661179,-97.4148961,1
"215",32.954307,-97.385945,1
"216",31.0982344,-97.342782,1
"217",32.7554883,-97.3307658,2
"218",37.6871761,-97.330053,2
"219",33.0848442,-97.2961286,1
"220",32.7995738,-97.2691817,1
"221",32.5631924,-97.1416768,1
"222",49.895136,-97.1383744,1
"223",32.9412363,-97.1341783,1
"224",32.735687,-97.1080656,2
"225",32.940444,-97.1060202,2
"226",32.4334742,-97.1025077,4
"227",36.1270236,-97.0737222,1
"228",36.1156071,-97.0583681,2
"229",28.0205733,-97.0544341,1
"230",32.7459645,-96.9977846,1
"231",37.2397486,-96.9955918,1
"232",33.046233,-96.994174,1
"233",30.8532454,-96.9769304,1
"234",32.8481029,-96.8512063,1
"235",33.1506744,-96.8236116,1
"236",33.2362278,-96.80111,1
"237",32.7766642,-96.7969879,14
"238",40.820682,-96.705594,1
"239",33.0205401,-96.7028312,2
"240",33.0198431,-96.6988856,1
"241",40.8257625,-96.6851982,1
"242",42.4999942,-96.4003069,1
"243",30.6735749,-96.373747,1
"244",32.0567671,-96.1919337,1
"245",42.4888809,-96.0725193,1
"246",41.2523634,-95.9979883,2
"247",36.1539816,-95.992775,1
"248",41.259388,-95.941725,1
"249",33.2470567,-95.8999656,1
"250",32.5565244,-95.8632996,1
"251",29.7857853,-95.8243956,1
"252",37.09024,-95.712891,62
"253",30.3882613,-95.6963355,1
"254",29.9716905,-95.6937856,1
"255",32.1679321,-95.6691277,1
"256",29.6196787,-95.6349463,2
"257",29.6888971,-95.6227788,1
"258",36.3216172,-95.6053679,1
"259",29.72345,-95.6041886,1
"260",30.0700573,-95.4325287,2
"261",30.0799405,-95.4171601,1
"262",29.9753592,-95.4101696,1
"263",29.6757457,-95.406063,1
"264",29.7477273,-95.3908014,1
"265",29.7604267,-95.3698028,29
"266",29.7450393,-95.3563918,1
"267",29.7700369,-95.2945694,1
"268",29.663008,-95.2354902,1
"269",38.9716689,-95.2352501,1
"270",41.3175381,-95.0761636,1
"271",29.7355047,-94.9774274,1
"272",29.3954999,-94.8982955,1
"273",38.7430645,-94.8255166,1
"274",46.729553,-94.6858998,7
"275",31.6035129,-94.6554874,2
"276",39.0997265,-94.5785667,5
"277",31.1585242,-94.4263124,1
"278",38.9108408,-94.3821724,1
"279",30.040144,-94.075231,1
"280",29.8849504,-93.939947,2
"281",29.9482695,-93.9171155,1
"282",39.0725121,-93.7171621,1
"283",41.6005448,-93.6091064,2
"284",45.0724642,-93.4557877,1
"285",44.9012479,-93.4029398,1
"286",44.9522896,-93.2991931,1
"287",44.3139974,-93.2986106,1
"288",44.977753,-93.2650108,11
"289",45.1538407,-93.2363076,1
"290",44.97399,-93.2277285,1
"291",44.7319094,-93.21772,1
"292",37.0208865,-93.2060163,1
"293",44.9374831,-93.2009998,5
"294",44.7588698,-93.1641611,1
"295",41.8780025,-93.097702,2
"296",44.9537029,-93.0899578,3
"297",34.12793,-93.0590436,1
"298",45.0853814,-93.0081479,1
"299",45.0124657,-92.9918828,1
"300",35.0886963,-92.4421011,1
"301",38.9519727,-92.3356821,1
"302",38.9517053,-92.3340724,1
"303",34.7464809,-92.2895948,1
"304",31.3517886,-92.1946014,1
"305",32.041565,-92.1354309,1
"306",30.209252,-91.995341,1
"307",30.9842977,-91.9623327,3
"308",35.20105,-91.8318334,1
"309",37.9642529,-91.8318334,1
"310",33.057837,-91.5705695,1
"311",41.6611277,-91.5301683,2
"312",30.4582829,-91.1403196,4
"313",37.7153239,-91.1351341,1
"314",30.3592421,-91.023414,1
"315",38.8140693,-90.8889788,1
"316",29.5957696,-90.7195348,1
"317",42.4954815,-90.6565839,1
"318",43.9888339,-90.5197148,1
"319",45.1385798,-90.3401404,1
"320",38.6142741,-90.3143576,1
"321",38.5777672,-90.2731783,1
"322",29.9922012,-90.2590112,1
"323",38.7510941,-90.2542666,1
"324",38.6270025,-90.1994042,8
"325",29.9244148,-90.0937226,1
"326",42.2256252,-90.0836146,1
"327",29.948954,-90.0743769,1
"328",29.9510658,-90.0715323,11
"329",29.9579735,-90.0637281,1
"330",35.1495343,-90.0489801,2
"331",35.132071,-89.864854,1
"332",37.7242202,-89.8612196,1
"333",33.7690049,-89.8084192,1
"334",34.3664951,-89.5192484,3
"335",38.3625705,-89.508918,1
"336",30.4692015,-89.4311847,1
"337",43.0730517,-89.4012302,2
"338",32.3546679,-89.3985283,1
"339",40.6331249,-89.3985283,6
"340",36.790498,-89.2833094,1
"341",37.7136372,-89.2179628,1
"342",44.155342,-89.1665395,1
"343",30.3674198,-89.0928155,1
"344",41.7680851,-88.8770311,1
"345",43.7844397,-88.7878678,2
"346",42.726053,-88.5424226,1
"347",35.4686868,-88.5208825,1
"348",41.8500284,-88.3125738,1
"349",41.7508391,-88.1535352,1
"350",44.5766804,-88.0627493,1
"351",30.6953657,-88.0398912,1
"352",44.519159,-88.019826,2
"353",41.8367362,-88.0139996,1
"354",41.7435073,-88.0118473,3
"355",42.2393323,-87.9653565,1
"356",43.0405846,-87.9196785,2
"357",43.0389025,-87.9064736,3
"358",42.4661029,-87.8502457,1
"359",41.5853107,-87.8431078,1
"360",41.5731442,-87.7932939,1
"361",41.909611,-87.771964,1
"362",41.719978,-87.7479528,2
"363",43.7508284,-87.71453,1
"364",30.4143891,-87.6848061,1
"365",44.0878764,-87.6595231,1
"366",41.775305,-87.6416419,1
"367",41.8781136,-87.6297982,23
"368",41.8426866,-87.6233252,1
"369",41.7409936,-87.6138818,1
"370",37.8361538,-87.5900134,1
"371",33.2098407,-87.5691735,1
"372",41.5536468,-87.451984,1
"373",41.4730948,-87.0611412,2
"374",35.3145605,-87.0407081,1
"375",40.4226279,-86.9245834,1
"376",32.3182314,-86.902298,4
"377",35.9250637,-86.8688899,1
"378",21.161908,-86.8515279,1
"379",36.1626638,-86.7816016,3
"380",37.0841423,-86.7045336,1
"381",35.5174913,-86.5804473,4
"382",39.1766135,-86.5130173,1
"383",42.1167065,-86.4541894,1
"384",38.5212512,-86.4511837,1
"385",35.8456213,-86.39027,2
"386",43.6086194,-86.3639633,1
"387",34.3614336,-86.3442107,2
"388",32.3668052,-86.2999689,1
"389",41.6763545,-86.2519898,1
"390",41.7055716,-86.2353388,1
"391",37.8856637,-86.1979379,1
"392",39.768403,-86.158068,4
"393",40.2671941,-86.1349019,4
"394",40.486427,-86.1336033,1
"395",42.7875235,-86.1089301,1
"396",39.9567548,-86.01335,1
"397",33.6366316,-85.9134107,1
"398",33.9981546,-85.8663574,1
"399",43.9974606,-85.859654,1
"400",30.1482581,-85.761074,1
"401",38.2526647,-85.7584557,1
"402",38.2100639,-85.7508543,1
"403",31.3101719,-85.7129908,1
"404",38.1606607,-85.6766897,1
"405",42.9633599,-85.6680863,1
"406",44.7559611,-85.6429388,1
"407",44.7630567,-85.6206317,1
"408",44.3148443,-85.6023643,10
"409",34.5795282,-85.5905204,1
"410",40.4755974,-85.4944168,1
"411",32.6098566,-85.4807825,1
"412",43.6936494,-85.4806616,1
"413",34.9228546,-85.415238,1
"414",51.253775,-85.3232139,4
"415",34.1674228,-85.2528472,1
"416",34.257038,-85.1646726,2
"417",41.079273,-85.1393513,2
"418",33.000298,-85.046327,1
"419",43.8194703,-84.7686281,1
"420",33.8595491,-84.683824,1
"421",34.0234337,-84.6154897,1
"422",39.1050352,-84.5484209,1
"423",33.8412933,-84.5238215,1
"424",39.1031182,-84.5120196,4
"425",38.0405837,-84.5037164,1
"426",33.7541215,-84.4918471,1
"427",42.7369792,-84.4838654,3
"428",33.7485781,-84.3905739,1
"429",33.7517203,-84.389955,1
"430",33.7489954,-84.3879824,48
"431",33.7123595,-84.3844304,1
"432",33.7589188,-84.3640829,7
"433",33.7579435,-84.3514038,1
"434",33.672252,-84.339681,1
"435",33.7748275,-84.2963123,2
"436",30.4382559,-84.2807329,1
"437",37.8393332,-84.2700179,2
"438",39.7589478,-84.1916069,2
"439",31.5785074,-84.155741,1
"440",34.2073196,-84.1401926,1
"441",40.742551,-84.1052256,2
"442",39.731067,-84.028839,1
"443",33.9190653,-84.0167423,1
"444",34.1140497,-83.9811014,3
"445",43.432899,-83.949929,1
"446",35.8022797,-83.9485191,1
"447",35.9606384,-83.9207392,2
"448",34.227602,-83.8843455,1
"449",40.2778934,-83.8408265,1
"450",42.5684663,-83.8089895,1
"451",42.2796363,-83.7463057,1
"452",42.2808256,-83.7430378,1
"453",36.5823046,-83.6568579,1
"454",32.8406946,-83.6324022,1
"455",42.2411499,-83.6129939,1
"456",41.6639383,-83.555212,2
"457",34.5187106,-83.5007265,1
"458",33.9480053,-83.3773221,1
"459",40.2364486,-83.3671432,1
"460",33.5756831,-83.1823789,1
"461",42.2142064,-83.1499239,1
"462",42.4876215,-83.1463699,1
"463",40.5886699,-83.1285242,1
"464",41.3559092,-83.1220074,1
"465",42.2355411,-83.1024769,1
"466",42.331427,-83.0457538,5
"467",42.334167,-83.0432783,1
"468",42.3329495,-83.0423977,1
"469",42.3170148,-83.0405258,1
"470",42.5144566,-83.0146526,1
"471",39.9611755,-82.9987942,7
"472",41.6268435,-82.9931607,1
"473",39.3331197,-82.9824019,1
"474",40.8083909,-82.9754649,1
"475",40.4172871,-82.907123,11
"476",32.1656221,-82.9000751,13
"477",42.4367034,-82.8768586,1
"478",38.8590595,-82.8619549,1
"479",34.6834382,-82.8373654,1
"480",28.2721895,-82.7256975,1
"481",28.3644485,-82.6934343,1
"482",38.5367471,-82.6829406,1
"483",39.7136754,-82.5993294,1
"484",28.452402,-82.594951,1
"485",40.6603544,-82.5521946,1
"486",27.3364347,-82.5306527,2
"487",40.75839,-82.5154471,1
"488",27.950575,-82.4571776,4
"489",27.9601884,-82.4443349,1
"490",28.0107088,-82.4354028,1
"491",27.9913443,-82.4137503,1
"492",40.0581205,-82.4012642,1
"493",29.6516344,-82.3248262,2
"494",27.937801,-82.2859247,1
"495",34.9387279,-82.2270568,1
"496",39.9403453,-82.0131924,1
"497",28.1219473,-81.975299,1
"498",33.088805,-81.9534815,1
"499",34.4782014,-81.9362738,1
"500",26.640628,-81.8723084,2
"501",41.4414366,-81.8643039,1
"502",40.2720151,-81.8595756,1
"503",32.4487876,-81.7831674,1
"504",28.5494447,-81.7728543,1
"505",28.0222435,-81.7328567,1
"506",41.0256101,-81.7298519,1
"507",30.1660736,-81.706484,1
"508",41.49932,-81.6943605,5
"509",30.3321838,-81.655651,2
"510",34.2745833,-81.6187178,1
"511",28.2616788,-81.6184078,1
"512",29.5968577,-81.5995922,1
"513",28.4187123,-81.5834428,1
"514",41.3931096,-81.5365094,1
"515",28.6934076,-81.5322149,1
"516",41.0814447,-81.5190053,1
"517",27.6648274,-81.5157535,15
"518",40.9458898,-81.4831714,1
"519",29.763138,-81.4605271,1
"520",37.2232316,-81.4498717,2
"521",28.440958,-81.41945,1
"522",28.6611089,-81.3656242,1
"523",33.2448733,-81.3587177,1
"524",28.5999998,-81.3392352,1
"525",28.5541125,-81.3223844,1
"526",35.473745,-81.2545251,1
"527",33.9815369,-81.2362107,1
"528",33.836081,-81.1637245,5
"529",34.0007104,-81.0348144,2
"530",34.0292337,-81.0336105,1
"531",29.1383165,-80.9956105,1
"532",35.0832014,-80.8922957,1
"533",35.2270869,-80.8431267,12
"534",36.4748759,-80.7738212,1
"535",41.8779691,-80.7491563,1
"536",40.0639616,-80.7209149,1
"537",35.5298608,-80.6681241,1
"538",41.0525588,-80.6078509,1
"539",41.732399,-80.5747389,1
"540",43.5401215,-80.5535235,1
"541",43.4642578,-80.5204096,1
"542",43.450301,-80.4831917,1
"543",38.5976262,-80.4549026,2
"544",25.7089512,-80.4380722,1
"545",26.1401767,-80.422191,1
"546",37.2295733,-80.4139393,1
"547",26.0964939,-80.3690806,1
"548",36.2806939,-80.3592197,2
"549",40.9735932,-80.3491141,1
"550",40.7520097,-80.3192295,1
"551",26.1669711,-80.256595,1
"552",40.5169767,-80.2213477,1
"553",36.109703,-80.1940463,1
"554",25.7616798,-80.1917902,12
"555",40.2625702,-80.1872797,1
"556",43.152667,-80.171591,1
"557",40.7882723,-80.1436057,1
"558",26.1224386,-80.1373174,1
"559",26.0993883,-80.1343301,1
"560",25.7826123,-80.1340772,1
"561",25.790654,-80.1300455,1
"562",26.2378597,-80.1247667,1
"563",40.6849626,-80.1071379,1
"564",26.4614625,-80.0728201,1
"565",26.552228,-80.055164,1
"566",40.4406248,-79.9958864,9
"567",39.629526,-79.9558968,2
"568",37.26843,-79.9555784,1
"569",32.7764749,-79.9310512,1
"570",43.2557206,-79.8711024,2
"571",41.3978358,-79.8314437,1
"572",36.0674908,-79.8098429,1
"573",36.0726354,-79.7919754,2
"574",36.0696222,-79.787001,1
"575",43.7315479,-79.7624177,1
"576",39.900076,-79.7164326,1
"577",40.4719008,-79.709343,1
"578",43.467517,-79.6876659,1
"579",43.5890452,-79.6441198,1
"580",43.6777176,-79.6248197,1
"581",43.8430176,-79.5394625,1
"582",43.8169837,-79.532157,4
"583",43.7615377,-79.4110794,1
"584",43.67,-79.3898585,1
"585",43.653226,-79.3831843,15
"586",43.6576585,-79.3788017,1
"587",44.0383744,-79.1999949,1
"588",35.4798757,-79.1802994,1
"589",35.9131996,-79.0558445,1
"590",43.2472768,-79.0500466,1
"591",35.7595731,-79.0192997,8
"592",33.7949658,-79.01173,1
"593",35.0852159,-78.922838,1
"594",42.8864468,-78.8783689,2
"595",38.4495688,-78.8689155,1
"596",35.79154,-78.7811169,1
"597",37.4315734,-78.6568942,2
"598",35.7795897,-78.6381787,1
"599",38.0335529,-78.5079772,1
"600",37.3020965,-78.3919401,1
"601",37.3426037,-77.9805478,1
"602",34.2257255,-77.9447102,1
"603",34.2324123,-77.9128615,1
"604",40.8147955,-77.8653126,1
"605",39.8557016,-77.6630856,1
"606",37.518145,-77.614517,1
"607",43.16103,-77.6109219,2
"608",35.2626635,-77.5816353,1
"609",38.7509488,-77.4752667,1
"610",37.5407246,-77.4360481,2
"611",38.8403909,-77.4288769,1
"612",38.8809451,-77.3008172,1
"613",38.927775,-77.216339,1
"614",39.1434406,-77.2013705,1
"615",38.8303905,-77.1963703,1
"616",41.2033216,-77.1945247,8
"617",39.0839973,-77.1527578,1
"618",38.8799697,-77.1067698,2
"619",38.8048355,-77.0469214,1
"620",38.9071923,-77.0368707,11
"621",38.8976763,-77.0365298,1
"622",38.9006143,-77.0351701,1
"623",38.9008973,-77.0262906,1
"624",39.1275396,-77.0250233,1
"625",38.8955742,-77.0249366,1
"626",38.8918119,-77.0007455,1
"627",38.8961195,-76.9996904,1
"628",38.9869183,-76.9425543,1
"629",38.9896967,-76.93776,1
"630",38.7651145,-76.8983059,1
"631",40.2555809,-76.8770788,1
"632",38.924397,-76.870644,1
"633",38.9582591,-76.860565,1
"634",38.8120491,-76.848868,1
"635",42.0897965,-76.8077338,1
"636",39.9625984,-76.727745,1
"637",39.1137602,-76.7267773,1
"638",39.0457549,-76.6412712,10
"639",39.2903848,-76.6121893,7
"640",39.2781619,-76.5487989,1
"641",39.0320554,-76.5027395,1
"642",42.4135212,-76.5009253,2
"643",36.8507689,-76.2858726,1
"644",43.0481221,-76.1474244,2
"645",36.8529263,-75.977985,3
"646",41.2459149,-75.8813075,1
"647",38.9047257,-75.8774747,1
"648",39.9831616,-75.8238355,1
"649",40.4481498,-75.7471373,1
"650",45.4215296,-75.6971931,2
"651",41.4187924,-75.6560278,1
"652",39.4754752,-75.6322646,1
"653",41.421538,-75.6298279,1
"654",39.774874,-75.5779318,1
"655",40.3728778,-75.4810131,1
"656",40.0707887,-75.4268251,1
"657",40.6259316,-75.3704579,1
"658",40.623047,-75.3646082,1
"659",39.7476136,-75.3104654,1
"660",39.8743959,-75.2424229,1
"661",43.100903,-75.232664,1
"662",40.688432,-75.2207323,1
"663",39.9757092,-75.2128996,1
"664",39.9568501,-75.1996261,1
"665",39.8318378,-75.1895576,1
"666",39.9525839,-75.1652215,9
"667",40.3101063,-75.1298939,1
"668",40.0647784,-74.9813015,1
"669",39.8912248,-74.9218324,1
"670",40.774716,-74.694929,2
"671",40.2305911,-74.6777458,1
"672",40.3572976,-74.6672226,1
"673",40.2162036,-74.6195327,1
"674",39.4746823,-74.5956416,1
"675",40.4525163,-74.4766712,1
"676",40.554887,-74.4642861,1
"677",39.3642834,-74.4229266,1
"678",40.0583238,-74.4056612,16
"679",41.430586,-74.397781,1
"680",40.4594021,-74.360846,1
"681",40.2136754,-74.3000878,1
"682",40.2897815,-74.2876618,1
"683",40.350434,-74.285247,1
"684",40.7527093,-74.2359072,1
"685",40.4232084,-74.2090794,1
"686",39.9522918,-74.2034468,1
"687",40.3451095,-74.1840322,1
"688",40.745724,-74.172162,1
"689",40.788434,-74.1331988,1
"690",40.6045525,-74.1199014,1
"691",40.9039878,-74.118476,1
"692",40.6687141,-74.1143091,1
"693",40.9262762,-74.07701,1
"694",41.0375968,-74.0406956,1
"695",40.2949331,-74.033118,1
"696",40.6261638,-74.0329499,1
"697",40.7439905,-74.0323626,1
"698",40.169294,-74.022803,1
"699",40.7127837,-74.0059413,65
"700",40.7136231,-74.0044432,1
"701",40.723301,-74.0029883,1
"702",40.7245517,-73.9969495,1
"703",40.75048,-73.993384,1
"704",40.7427053,-73.9931761,1
"705",40.7527648,-73.989662,1
"706",40.7441552,-73.9883856,1
"707",40.7721673,-73.9875806,1
"708",40.7567217,-73.9867329,1
"709",40.7547176,-73.9827734,1
"710",40.7521501,-73.9788248,1
"711",40.758045,-73.9769745,1
"712",40.7622974,-73.9734655,1
"713",40.7577029,-73.9723758,1
"714",40.7830603,-73.9712488,3
"715",41.5048158,-73.9695832,1
"716",40.7506666,-73.9689023,1
"717",40.7724058,-73.9651629,1
"718",40.777365,-73.9616659,1
"719",41.9209018,-73.9612887,1
"720",42.0775906,-73.9529126,1
"721",40.6781784,-73.9441579,5
"722",42.8142432,-73.9395687,1
"723",40.8278208,-73.9259438,1
"724",41.6002842,-73.9202391,1
"725",40.8447819,-73.8648268,1
"726",40.7195973,-73.8472947,1
"727",40.7605434,-73.827133,1
"728",40.7282239,-73.7948516,3
"729",41.1220194,-73.7948516,1
"730",40.7215967,-73.7946899,1
"731",40.64732,-73.7904237,1
"732",40.9114882,-73.7823549,2
"733",40.6413111,-73.7781391,3
"734",42.6525793,-73.7562317,1
"735",40.6642699,-73.7084645,1
"736",40.7267682,-73.6342954,1
"737",45.4559071,-73.6196451,1
"738",40.7526008,-73.6104058,1
"739",45.5016889,-73.567256,4
"740",52.9399159,-73.5491361,1
"741",40.7764882,-73.4673454,1
"742",41.5770433,-73.4085463,1
"743",41.117744,-73.4081575,2
"744",40.7316379,-73.350951,1
"745",41.1408363,-73.2612615,1
"746",40.8212188,-73.2519376,3
"747",40.789142,-73.134961,4
"748",40.8937312,-73.0976232,1
"749",41.6032207,-73.087749,3
"750",41.3539107,-72.9252738,1
"751",41.2799027,-72.8141185,1
"752",41.6612104,-72.7795419,1
"753",42.1250929,-72.749538,1
"754",42.2292572,-72.7300929,1
"755",41.7637111,-72.6850932,1
"756",41.5623209,-72.6506488,1
"757",42.1014831,-72.589811,2
"758",41.378972,-72.1056514,1
"759",41.5226257,-72.0883141,1
"760",42.245926,-71.9086843,1
"761",42.2625932,-71.8022934,3
"762",42.4167635,-71.6829081,1
"763",42.0772429,-71.6302532,1
"764",43.1938516,-71.5723953,5
"765",42.0028761,-71.5147839,1
"766",42.4072107,-71.3824374,17
"767",41.9695516,-71.3565439,1
"768",42.0667652,-71.3281114,1
"769",42.8806437,-71.3273346,1
"770",43.733949,-71.323961,1
"771",42.6334247,-71.3161718,1
"772",41.4901024,-71.3128285,1
"773",42.4906231,-71.2760089,1
"774",42.5584218,-71.2689461,2
"775",41.6023245,-71.2503257,1
"776",42.0653812,-71.2478251,8
"777",42.0621676,-71.2287036,1
"778",42.3463503,-71.1626756,1
"779",41.7014912,-71.1550451,1
"780",42.1584324,-71.1447732,1
"781",42.3458622,-71.109152,1
"782",42.3428653,-71.1002881,1
"783",42.2771417,-71.0913748,1
"784",41.6603806,-71.0883762,1
"785",42.5039395,-71.0723391,1
"786",42.2495321,-71.0661653,2
"787",42.4584292,-71.0661633,1
"788",42.3782065,-71.0602131,1
"789",42.3600825,-71.0588801,37
"790",42.308848,-71.055892,1
"791",42.3538818,-71.0518966,1
"792",42.2079017,-71.0040013,2
"793",42.2528772,-71.0022705,1
"794",42.4136428,-70.9915997,1
"795",42.7250918,-70.9911659,1
"796",42.427081,-70.9837369,1
"797",42.466763,-70.9494938,1
"798",42.4709437,-70.9175562,1
"799",42.1306563,-70.9161551,1
"800",41.6376043,-70.9036487,1
"801",42.51954,-70.8967155,1
"802",43.1978624,-70.8736698,1
"803",43.9653889,-70.8226541,5
"804",43.0751946,-70.760349,1
"805",42.195929,-70.7258633,1
"806",41.9584457,-70.6672621,1
"807",41.7003208,-70.3002024,1
"808",41.6687897,-70.2962408,2
"809",43.661471,-70.2553259,1
"810",43.656721,-70.250557,1
"811",44.100351,-70.2147764,1
"812",44.2300698,-69.7753222,1
"813",45.253783,-69.4454689,3
"814",46.585532,-64.985716,1
"815",44.6487635,-63.5752387,1
"816",46.2486851,-60.851817,1
